county_fips_code,county_name,state,date,confirmed_cases,deaths,geo_id,total_pop,area,median_age,median_income,commute_5_9_mins,commute_10_14_mins,commute_15_19_mins,commute_20_24_mins,commute_25_29_mins,commute_30_34_mins,commute_35_39_mins,commute_40_44_mins,commute_45_59_mins,commute_60_89_mins,commute_90_more_mins,aggregate_travel_time_to_work,income_less_10000,income_10000_14999,income_15000_19999,income_20000_24999,income_25000_29999,income_30000_34999,income_35000_39999,income_40000_44999,income_45000_49999,income_50000_59999,income_60000_74999,income_75000_99999,income_100000_124999,income_125000_149999,income_150000_199999,income_200000_or_more,male_60_61,male_62_64,male_65_to_66,male_67_to_69,male_70_to_74,male_75_to_79,male_80_to_84,male_85_and_over,female_60_to_61,female_62_to_64,female_65_to_66,female_67_to_69,female_70_to_74,female_75_to_79,female_80_to_84,female_85_and_over,employed_pop,unemployed_pop,not_in_labor_force,children,graduate_professional_degree,high_school_including_ged,in_grades_1_to_4,in_grades_5_to_8,in_grades_9_to_12,in_undergrad_college,less_than_high_school_graduate,male_45_64_associates_degree,male_45_64_bachelors_degree,male_45_64_graduate_degree,male_45_64_less_than_9_grade,male_45_64_grade_9_12,male_45_64_high_school,male_45_64_some_college,male_45_to_64,poverty,worked_at_home,workers_16_and_over,do_date,commuters_by_bus,commuters_by_car_truck_van,commuters_by_carpool,commuters_by_subway_or_elevated,commuters_drove_alone
48001,Anderson County,TX,2021/1/19,5575,75,48001,57747,2774,39.1,42313,2834,3350,2622,2645,1137,1889,489,296,922,680,686,431020,945,1109,1385,1173,852,1238,1143,875,637,1459,1687,1791,978,521,477,297,803,941,571,804,1040,646,396,309,562,994,501,811,1110,803,692,451,19102,850,27770,11234,1973,14942,2861,2573,3433,2807,8290,563,516,432,710,1142,3612,2335,9310,6935,674,18851,20132017,13,17911,1875,0,16036
48003,Andrews County,TX,2021/1/19,1606,37,48003,17577,3888,31.6,70753,2318,1447,884,131,57,522,219,201,544,500,164,154525,245,216,154,248,323,363,106,177,264,296,557,763,517,403,481,300,213,209,105,166,181,116,150,78,163,212,142,161,205,181,173,130,8054,383,4295,5480,355,3872,1395,1025,1142,332,2642,99,96,146,260,291,713,355,1960,2082,204,8013,20132017,0,7744,1346,0,6398
48005,Angelina County,TX,2021/1/19,6765,193,48005,87700,2077,36.8,46472,6405,8797,7179,3806,1217,2429,221,424,1005,655,914,648375,2665,1623,2364,2098,1896,1462,1442,1382,1426,3029,3035,3821,2128,983,924,653,859,1557,743,1457,1289,1165,616,555,1149,1321,913,1494,1733,1133,961,1326,36164,2971,28317,22862,3111,17815,5346,4860,5326,3825,10744,684,950,565,1115,1221,3654,2668,10857,16222,777,35448,20132017,126,33612,4208,0,29404
48007,Aransas County,TX,2021/1/19,895,26,48007,24832,653,49.6,44601,2304,1721,896,654,187,626,406,247,845,309,202,193200,817,583,609,564,636,528,531,545,264,778,906,776,746,358,433,455,330,603,446,729,667,727,382,180,379,575,414,718,764,674,365,361,10387,750,9653,4713,1309,5205,1060,1178,1135,433,2994,355,381,129,128,379,1034,1054,3460,4344,683,9971,20132017,0,8955,839,0,8116
48009,Archer County,TX,2021/1/19,694,10,48009,8793,2357,44.8,63192,515,435,941,752,238,511,102,28,69,80,85,83375,130,222,138,141,216,218,95,116,111,196,352,563,372,192,159,130,106,168,173,115,139,147,76,111,220,209,117,147,199,112,169,142,4344,133,2643,1952,333,2059,461,518,508,253,544,97,214,42,42,72,457,355,1279,769,200,4294,20132017,0,3990,296,0,3694
48011,Armstrong County,TX,2021/1/19,128,6,48011,1929,2367,45.9,68750,104,89,20,36,67,139,78,39,125,27,18,23325,18,34,26,35,24,29,22,15,26,67,98,89,83,53,64,19,18,34,32,27,46,34,11,17,25,38,31,43,47,32,41,40,968,18,574,417,93,345,83,100,85,38,141,30,53,2,7,11,126,86,315,140,109,961,20132017,0,828,167,0,661
48013,Atascosa County,TX,2021/1/19,3781,90,48013,48139,3191,35.4,55194,1447,2229,2478,1981,772,2471,536,1077,2697,1832,517,572335,937,613,841,726,1159,585,458,793,799,1414,1615,2138,1492,736,648,555,495,814,571,616,723,615,412,167,621,932,473,896,683,482,525,533,20208,1319,14404,13417,1414,11414,3011,3158,3012,1283,7354,210,514,267,705,674,2433,947,5750,6961,1165,19739,20132017,15,18145,2962,0,15183
48015,Austin County,TX,2021/1/19,1404,18,48015,29292,1691,40.9,62614,1733,1212,1684,1329,702,1181,271,459,1036,1526,819,394255,594,477,460,911,376,661,352,348,455,798,874,1544,1462,626,626,457,406,686,301,403,780,418,275,246,275,657,431,536,754,452,317,368,13509,773,8847,7080,1368,5940,1558,1741,1625,857,3541,284,552,301,388,426,1313,849,4113,3891,610,13281,20132017,8,12237,1403,0,10834
48017,Bailey County,TX,2021/1/19,742,15,48017,7098,2142,35.2,43523,494,442,260,186,55,376,39,167,45,49,28,46000,156,94,54,285,133,151,197,84,196,246,134,237,138,38,51,36,129,165,114,33,119,69,90,55,139,73,59,112,74,173,50,65,3157,72,2020,2057,146,1196,513,293,600,78,1289,0,71,42,91,126,210,236,776,1529,263,3058,20132017,0,2380,252,0,2128
48019,Bandera County,TX,2021/1/19,820,20,48019,21316,2051,52,56413,625,718,751,683,122,906,209,342,1181,1358,491,289455,514,480,332,384,355,318,376,544,434,685,902,1067,677,458,370,382,487,453,359,574,769,396,366,258,389,757,355,504,760,637,203,252,8682,523,8793,3708,1287,5060,856,848,883,563,2126,374,439,352,55,292,1076,701,3289,3467,644,8459,20132017,10,7614,832,0,6782
48021,Bastrop County,TX,2021/1/19,4373,57,48021,80306,2300,38.8,59185,2910,2178,3002,2725,1553,3553,1371,1857,6444,3431,1262,1084910,1403,1090,1117,1218,1275,997,1055,1633,1247,2142,2866,3381,2865,1563,1442,721,1136,1603,958,1117,1425,604,556,504,1227,1706,746,1441,1480,800,652,832,33500,2809,25760,20597,3249,15382,4317,5533,5179,2661,10236,729,1404,639,917,1243,3695,2912,11539,10322,1277,32819,20132017,77,30408,3930,0,26478
48023,Baylor County,TX,2021/1/19,274,9,48023,3602,2256,48.1,36157,372,132,111,72,21,58,0,0,9,32,20,,194,99,127,75,88,208,132,48,97,71,98,166,88,25,31,97,80,48,50,42,109,31,107,33,28,71,71,71,89,98,102,58,1434,34,1423,782,120,825,179,185,109,46,312,28,147,18,12,24,204,66,499,458,8,1414,20132017,0,1364,99,0,1265
48025,Bee County,TX,2021/1/19,3082,53,48025,32729,2279,35.2,45415,2457,1948,1174,483,194,859,242,164,720,787,157,213785,745,653,622,370,513,607,364,344,610,561,1106,747,454,356,205,274,422,310,355,349,355,295,233,147,232,361,218,380,523,311,294,383,10125,680,15776,7022,784,7801,1488,1715,1579,1054,6052,256,188,101,463,1060,1616,1190,4874,4926,263,10003,20132017,0,9297,1261,0,8036
48027,Bell County,TX,2021/1/19,16512,214,48027,336506,2743,30.6,52583,19745,27633,32718,20751,7369,13846,2256,2876,6007,5229,2269,3000105,8022,4528,5240,6173,6148,5909,5859,6198,6258,11228,13344,15758,8680,5472,3978,3602,2770,3700,2668,2988,3630,2632,1478,1502,2860,4696,2770,3457,4548,2985,2306,2776,135361,12218,85268,93524,16680,54080,20429,19303,17988,24378,18854,3278,5046,3050,1058,1717,8923,9609,32681,46671,5304,151273,20132017,585,139999,17501,0,122498
48029,Bexar County,TX,2021/1/19,152231,2040,48029,1892004,3230,33.3,53999,59639,103972,142910,157420,65857,139646,25092,27061,55282,28021,16098,20859775,45651,29814,31366,32567,33170,30970,31130,28634,26305,54707,64855,75629,52576,31187,29662,29666,17421,24925,15017,19610,22962,15848,10215,9230,20356,28772,18074,21788,29210,20732,16606,16503,867502,56840,512231,493218,118777,304405,112852,108652,107870,120002,194696,15758,33966,23108,17632,19664,53563,43860,207551,304792,36333,870205,20132017,22479,784307,94665,25,689642
48031,Blanco County,TX,2021/1/19,318,11,48031,11089,1841,49.5,58500,693,396,384,364,435,377,84,104,391,670,104,124880,171,137,256,214,200,220,229,284,162,314,541,560,266,227,218,231,309,310,70,317,432,162,230,56,263,299,288,231,329,228,148,134,5106,308,3832,2067,884,2470,476,505,472,408,825,157,272,119,137,72,505,466,1728,1180,454,4941,20132017,0,4274,426,0,3848
48033,Borden County,TX,2021/1/19,18,0,48033,602,2328,42.1,77708,52,2,8,9,5,41,36,4,19,6,21,,7,7,8,3,6,13,2,6,13,33,20,40,49,28,5,8,3,11,11,4,30,5,12,5,11,4,13,12,17,16,12,5,255,4,200,167,46,112,32,28,31,11,23,2,4,7,0,5,21,18,57,17,9,253,20132017,0,216,27,0,189
48035,Bosque County,TX,2021/1/19,988,20,48035,17955,2561,46.5,48677,1084,698,595,560,324,821,250,297,661,564,393,205840,348,346,461,543,370,456,379,371,312,631,736,864,557,286,154,213,316,298,194,533,509,411,248,170,285,323,299,364,569,452,291,284,7475,406,6651,3902,773,4584,823,956,918,532,2033,177,229,59,225,244,1019,495,2448,2737,364,7312,20132017,4,6523,729,0,5794
48037,Bowie County,TX,2021/1/19,4876,139,48037,93635,2300,38.2,46283,5662,9500,6953,5148,1440,2377,370,419,756,805,465,633180,3136,2049,2006,2241,1827,1777,1687,1535,1519,2539,3254,3910,2260,996,1196,1239,1098,1410,890,1500,1551,1164,647,645,1206,1572,1047,1421,2094,1684,900,1270,36668,2876,34487,22261,3819,22521,5065,4922,4920,4140,7940,819,1492,652,487,999,4366,2925,11740,15750,913,36209,20132017,125,34193,2128,0,32065
48039,Brazoria County,TX,2021/1/19,26046,277,48039,345995,3592,35.6,76426,12395,17784,19257,18619,8393,23709,4718,8126,21582,14354,3441,4641235,5431,4060,4139,3852,4017,4332,3593,4077,4314,8008,11835,16916,12851,10032,10496,9135,3820,5384,3374,3508,4646,3095,1871,1129,4210,5331,2826,3670,5671,3706,2522,2338,162270,8439,92888,92813,23927,57147,22129,19941,19842,16470,27944,3244,7571,4451,3020,3101,12498,10606,44491,33043,4545,160496,20132017,246,152884,14331,0,138553
48041,Brazos County,TX,2021/1/19,16634,162,48041,214231,1518,25.8,43907,14452,24232,25161,15318,3391,6221,695,717,1251,1635,1343,1665695,9910,4419,4283,4966,3975,4143,4144,3667,2599,5219,6546,8231,5243,3474,3273,3388,1874,2221,1005,1853,2069,1156,1131,832,2075,2245,1544,1697,2403,1686,1153,1581,103649,5095,65809,44230,20152,22167,9929,9621,8588,46935,15693,1086,3244,3581,1728,1234,3954,3130,17957,51704,3415,101160,20132017,2393,90005,11393,0,78612
48043,Brewster County,TX,2021/1/19,945,8,48043,9220,16040,43.1,38906,1553,748,157,109,199,97,44,18,118,71,89,54030,309,193,447,278,261,176,365,286,160,325,156,381,259,95,94,147,161,138,84,301,201,259,41,18,149,226,107,136,307,125,126,158,4151,318,3101,1843,915,1523,419,439,384,320,1003,37,263,184,66,131,255,284,1220,981,196,4108,20132017,0,3724,793,0,2931
48045,Briscoe County,TX,2021/1/19,114,3,48045,1591,2331,46.4,42500,172,45,72,31,6,76,20,8,49,16,26,,44,33,70,44,27,60,45,36,17,83,59,76,23,13,15,19,25,25,7,27,59,28,35,16,41,18,17,31,56,41,29,22,729,48,532,321,52,347,83,77,82,41,220,14,40,7,7,31,82,43,224,220,78,708,20132017,0,602,37,0,565
48047,Brooks County,TX,2021/1/19,685,29,48047,7251,2442,31.8,24794,798,459,214,85,22,48,30,46,214,133,96,,467,168,205,178,185,40,61,53,75,117,139,168,50,88,13,15,36,60,104,63,85,129,83,35,67,152,60,111,144,127,94,38,2489,400,2553,1985,201,1175,364,490,467,270,1332,13,73,9,72,71,169,176,583,2781,43,2374,20132017,1,2253,242,0,2011
48049,Brown County,TX,2021/1/19,3382,81,48049,37787,2445,41,43062,2503,4805,2214,2432,449,965,95,92,262,159,238,253845,1141,929,766,1089,950,933,614,756,558,1220,1457,1410,954,368,240,450,604,463,464,540,974,627,482,225,575,536,325,724,1101,776,499,513,15238,684,14237,8573,1386,9749,1882,2176,1966,1578,3699,262,560,239,318,437,1969,1074,4859,5913,347,15034,20132017,52,14314,1337,0,12977
48051,Burleson County,TX,2021/1/19,1093,22,48051,17596,1725,42.9,52510,895,688,520,817,647,1115,547,455,794,340,130,199490,540,398,300,267,196,381,238,485,253,627,685,956,506,237,259,237,301,381,210,294,506,245,165,211,269,446,291,380,449,367,218,201,7697,557,5861,3994,688,5009,982,840,871,424,2288,174,159,118,87,266,1058,527,2389,2620,193,7483,20132017,26,7117,1008,0,6109
48053,Burnet County,TX,2021/1/19,2196,34,48053,45017,2577,44,57173,2718,3028,2231,1953,604,1986,298,631,1332,1830,528,473485,546,886,876,1098,987,715,944,641,705,1264,1909,2215,1518,865,582,794,521,847,738,800,1289,956,508,235,787,1156,497,1035,1376,854,792,586,19567,869,15924,9788,2523,9632,2125,2442,2508,1098,3974,413,1047,443,526,291,1801,1386,5907,5473,1268,19310,20132017,8,17179,2421,0,14758
48055,Caldwell County,TX,2021/1/19,2738,55,48055,40544,1414,35.8,51346,1818,1930,1562,1443,701,2205,577,875,2484,2260,460,529270,917,533,756,779,865,448,552,636,785,1084,1521,1611,962,667,480,298,537,643,450,456,634,381,244,259,485,562,446,528,701,522,370,371,18238,649,13234,9773,1201,9853,2309,2002,2865,1730,5390,268,496,213,482,602,2045,1033,5139,6819,722,18009,20132017,35,16307,2083,0,14224
48057,Calhoun County,TX,2021/1/19,1361,13,48057,21821,1326,37.7,58788,1548,1359,2153,1148,460,988,133,92,251,336,240,192270,505,285,273,425,365,424,350,444,239,653,914,1024,827,511,320,174,285,359,312,341,384,347,185,155,295,321,265,283,452,269,247,369,9676,651,6644,5482,756,4705,1216,1317,1257,718,2819,242,275,144,311,373,763,661,2769,3409,299,9479,20132017,44,8945,1106,0,7839
48059,Callahan County,TX,2021/1/19,931,28,48059,13660,2328,43.3,40945,530,446,549,1028,460,873,20,145,171,59,101,109030,772,332,297,365,290,335,191,268,177,447,627,546,255,126,176,87,265,206,117,217,401,185,209,113,245,271,192,200,375,342,165,146,5128,187,5506,3268,449,3815,710,772,840,279,1230,92,190,72,60,180,959,363,1916,2109,272,5038,20132017,0,4710,444,0,4266
48061,Cameron County,TX,2021/1/19,32698,1126,48061,420201,2347,31.4,36095,14949,24265,36945,26631,9801,18774,1629,2654,4906,2264,1713,2989215,16406,10340,9455,8670,8418,6369,6208,5245,4882,8766,10990,11224,6429,3696,2907,2183,3615,4943,3869,4388,5284,4565,2976,2219,4267,5937,4023,5040,6692,5532,4321,3721,153938,13375,135428,131976,12145,60972,29576,29624,30528,18778,82254,2885,4925,2285,7538,6179,9926,6393,40131,129912,3654,151936,20132017,824,142682,13869,11,128813
48063,Camp County,TX,2021/1/19,969,32,48063,12670,513,36.8,41811,411,749,1134,640,196,622,208,73,264,337,187,131265,379,254,255,418,331,364,222,277,237,342,442,571,280,172,151,35,102,257,149,240,202,276,139,74,236,189,212,198,259,216,139,150,5274,344,4085,3360,399,3104,848,647,669,527,1364,73,158,22,87,270,604,320,1534,2191,187,5234,20132017,23,4944,718,0,4226
48065,Carson County,TX,2021/1/19,331,11,48065,6033,2391,41.1,67010,340,393,287,268,180,336,131,52,134,91,38,53535,83,62,105,124,91,109,88,62,72,208,300,384,215,144,131,114,85,103,63,100,112,107,69,40,59,119,80,89,137,126,69,55,2896,57,1730,1520,432,1155,360,348,388,206,281,76,91,107,8,49,279,216,826,381,92,2805,20132017,4,2703,285,0,2418
48067,Cass County,TX,2021/1/19,1499,59,48067,30118,2429,42.9,41432,1672,1495,1633,1596,418,1720,515,365,900,509,220,278955,1177,700,816,749,861,740,662,612,495,1007,1084,1348,727,405,225,203,495,549,363,481,872,531,360,225,429,569,383,574,913,592,458,586,11991,941,11056,6869,968,9612,1489,1450,1774,962,2949,159,272,183,144,406,2097,693,3954,5471,237,11849,20132017,25,11115,510,0,10605
48069,Castro County,TX,2021/1/19,832,22,48069,7891,2326,34.4,44643,812,508,304,259,117,465,11,41,97,52,27,48990,167,94,87,213,231,101,193,155,158,135,257,312,155,70,106,28,149,155,73,75,140,106,80,69,145,97,40,145,151,90,94,79,3289,144,2385,2344,220,1504,545,560,512,266,1312,9,95,48,159,96,344,200,951,1232,128,3162,20132017,0,2936,224,0,2712
48071,Chambers County,TX,2021/1/19,3431,13,48071,39283,1551,35.4,74368,1512,1010,2195,2115,1250,2997,745,549,1377,1359,328,450175,900,545,515,424,645,581,308,408,585,796,997,1509,1487,1080,1466,1074,377,717,266,612,399,340,195,144,584,469,470,428,503,399,165,272,16713,1168,11683,10993,1610,7483,2625,2653,2237,1783,3523,441,775,152,402,431,1803,1338,5342,5031,347,16537,20132017,30,15795,1099,0,14696
48073,Cherokee County,TX,2021/1/19,3491,92,48073,51594,2725,38,44294,3043,3030,3096,2375,977,2614,530,504,1366,834,545,481915,1311,1167,1264,1235,981,1060,1036,1035,814,1588,1753,1611,1150,766,691,423,708,1013,387,965,1051,615,646,325,793,821,830,753,988,824,702,571,20526,1325,17955,13161,1866,10506,3000,3017,3318,1947,6987,383,764,258,826,695,2086,1562,6574,9090,546,20269,20132017,0,19149,2908,0,16241
48075,Childress County,TX,2021/1/19,1292,13,48075,7064,1839,32.8,40432,817,320,288,20,22,72,28,51,66,15,97,37900,244,108,152,227,160,147,80,133,98,131,321,218,114,53,93,3,97,128,36,66,144,78,66,10,62,105,46,65,188,61,148,164,2515,138,3086,1424,301,1743,236,475,170,125,812,63,108,25,152,14,209,210,781,1124,68,2482,20132017,0,2391,384,0,2007
48077,Clay County,TX,2021/1/19,874,13,48077,10369,2844,46,46863,538,277,544,715,329,543,118,121,170,123,144,97065,240,308,148,273,218,285,291,237,142,262,406,424,322,235,126,159,150,268,134,190,300,203,123,118,212,268,122,177,357,260,152,78,4373,337,3723,2202,379,3017,496,569,547,359,790,77,163,94,51,148,598,412,1543,1539,191,4252,20132017,0,3910,317,0,3593
48079,Cochran County,TX,2021/1/19,216,12,48079,2932,2007,33.5,37500,183,117,141,90,47,123,14,41,44,103,42,27015,109,122,89,51,47,46,59,50,30,60,104,79,60,33,46,15,42,32,20,50,34,53,29,19,35,36,14,52,39,66,47,15,1189,103,910,841,67,539,197,159,170,59,611,16,17,16,58,54,140,47,348,717,23,1178,20132017,7,1130,286,0,844
48081,Coke County,TX,2021/1/19,417,10,48081,3238,2328,49.1,42500,212,70,114,76,21,137,22,24,130,98,61,31100,114,153,138,85,98,82,92,64,119,67,179,197,109,28,30,19,45,51,48,51,114,75,64,39,66,59,51,72,146,85,76,43,1462,66,1142,663,159,851,120,265,190,73,363,55,78,25,27,16,196,90,487,516,61,1411,20132017,0,1268,78,0,1190
48083,Coleman County,TX,2021/1/19,579,20,48083,8422,3297,46.6,40804,1012,321,219,388,127,309,42,108,126,217,107,78270,350,213,228,242,308,133,216,296,239,268,241,271,157,83,45,180,159,145,86,239,247,166,150,52,161,239,158,135,207,197,151,84,3310,177,3366,1833,241,2287,335,424,304,62,1109,37,105,12,99,82,664,210,1209,1701,81,3274,20132017,3,3112,237,0,2875
48085,Collin County,TX,2021/1/19,64721,483,48085,914075,2196,36.5,90124,31902,46278,57209,61221,27306,68184,15983,21823,51967,32069,7920,12302290,10932,6670,7100,8318,8992,9616,10058,11818,10282,21327,30662,42472,38826,28385,37550,40897,8704,11314,7146,8962,10806,6965,3981,2583,10434,12823,8106,10899,13060,8384,5911,5244,474671,21074,200859,245804,108514,89904,57129,57842,58043,42231,37831,8808,40132,25419,2979,3161,15018,21472,116989,62439,39929,468951,20132017,1594,413952,32624,1658,381328
48087,Collingsworth County,TX,2021/1/19,237,8,48087,3026,2380,39.8,46348,430,117,164,36,32,139,35,0,25,59,13,,49,54,43,100,137,65,45,29,69,135,145,143,16,16,30,23,54,58,44,55,56,24,19,27,39,63,21,66,75,24,41,105,1386,106,860,737,101,665,186,154,172,43,465,19,25,24,62,68,149,78,425,445,11,1354,20132017,0,1288,119,0,1169
48089,Colorado County,TX,2021/1/19,1251,17,48089,20913,2494,43.4,50241,1893,1681,1324,908,529,796,103,344,508,274,215,185665,576,396,258,575,374,374,429,478,317,625,720,931,701,262,346,241,296,734,352,396,372,244,247,316,389,615,366,291,444,418,279,450,9491,281,6808,4893,551,5189,1359,1119,1046,507,2550,279,353,43,323,323,1089,650,3060,2466,330,9396,20132017,101,8815,752,0,8063
48091,Comal County,TX,2021/1/19,7314,190,48091,129100,1456,42.2,73655,5521,7234,7298,5282,2720,5786,1923,2159,7875,4818,1895,1667335,1980,1406,1614,1450,2072,1903,1691,1867,2021,3420,4707,6743,4951,3307,3837,4284,2278,2528,1619,2267,2849,1622,1214,1015,1822,2963,1708,2041,3399,2077,1360,1444,59833,2354,40426,29742,10924,22607,6447,7326,6994,4507,6984,1620,4148,2532,630,789,4596,3932,18247,11827,4480,58978,20132017,43,52623,5026,27,47597
48093,Comanche County,TX,2021/1/19,1118,36,48093,13492,2429,44.4,42419,1108,599,395,544,128,617,128,256,300,134,293,130890,434,370,273,315,271,379,347,323,238,486,490,553,353,142,78,55,292,282,235,312,342,286,218,100,246,264,200,328,391,233,259,309,5454,203,5052,3045,546,3494,664,656,857,214,1730,103,235,94,239,110,714,240,1735,2407,206,5400,20132017,0,4958,608,0,4350
48095,Concho County,TX,2021/1/19,245,4,48095,3858,2569,41.9,46696,287,120,79,140,27,119,2,20,36,18,40,21680,59,54,63,43,35,61,45,26,33,71,70,83,69,22,24,33,20,71,52,48,110,86,30,21,34,91,73,50,31,40,43,83,1023,4,2349,543,86,810,146,110,369,38,1118,17,72,7,289,81,166,58,690,221,52,1017,20132017,0,929,123,0,806
48097,Cooke County,TX,2021/1/19,2806,48,48097,39064,2264,40.5,60027,2929,2931,2817,1871,664,1174,352,517,1160,1385,683,440860,652,556,665,709,870,1058,709,791,563,1016,1850,1968,1496,844,817,621,402,854,359,883,613,553,484,270,632,826,622,651,911,639,418,576,18724,1023,11040,9424,1847,7715,2195,1861,1921,1644,3566,463,787,304,354,434,1590,1263,5195,5313,843,18152,20132017,21,16792,2844,0,13948
48099,Coryell County,TX,2021/1/19,4312,45,48099,75818,2725,31.2,50865,5423,4263,4985,4063,1540,2433,499,668,2094,1030,747,652745,1213,1025,1076,1531,1059,1140,1469,1203,1243,2272,2540,3074,1747,888,577,367,548,740,643,545,705,536,359,226,654,782,573,817,870,749,332,588,23306,2568,24988,18318,2082,13417,3850,4315,4556,5151,5562,1053,578,271,278,611,1893,2055,6739,8174,1408,31018,20132017,103,26553,3975,0,22578
48101,Cottle County,TX,2021/1/19,176,7,48101,1498,2334,47.6,33534,156,55,63,30,10,94,12,6,26,6,5,9535,81,76,44,38,46,64,35,29,15,49,86,51,9,14,17,10,7,26,17,42,49,49,15,6,17,31,31,27,59,61,16,12,651,78,431,401,63,349,60,85,95,8,261,25,27,3,4,22,102,41,224,364,10,636,20132017,2,553,111,0,442
48103,Crane County,TX,2021/1/19,487,11,48103,4836,2036,32.1,63935,581,152,108,58,22,234,78,89,196,112,134,,110,32,76,69,29,78,60,56,40,129,177,228,215,56,63,61,35,72,58,32,69,28,35,14,52,87,30,59,90,58,38,41,2023,55,1367,1520,126,827,346,408,324,247,750,47,55,16,123,64,131,146,582,551,8,1987,20132017,9,1903,343,0,1560
48105,Crockett County,TX,2021/1/19,472,13,48105,3836,7273,35.5,52310,425,192,58,167,25,100,34,21,120,155,80,,105,49,42,185,72,78,50,12,70,160,157,130,165,77,53,6,78,127,3,59,50,78,16,4,68,91,22,39,139,51,46,36,1733,43,1207,1002,53,858,230,125,183,131,605,12,19,28,57,82,141,191,530,787,60,1733,20132017,0,1673,286,0,1387
48107,Crosby County,TX,2021/1/19,383,22,48107,5895,2331,37.7,38674,456,222,218,87,203,208,41,155,234,121,28,52630,163,166,176,145,124,149,144,157,105,122,186,229,78,45,31,44,82,110,90,74,93,103,57,27,78,94,73,74,153,123,56,92,2519,209,1718,1620,96,1341,351,405,368,120,929,33,127,9,30,128,258,81,666,1209,32,2465,20132017,0,2293,194,0,2099
48109,Culberson County,TX,2021/1/19,294,4,48109,2257,9876,41.2,33125,369,86,113,7,3,48,4,11,23,14,22,,72,78,100,56,46,29,34,57,22,63,69,61,26,10,2,10,39,30,54,19,64,63,22,28,51,22,11,48,43,7,30,55,974,55,775,529,37,530,132,101,105,45,573,5,22,0,26,27,169,41,290,660,31,961,20132017,0,861,111,0,750
48111,Dallam County,TX,2021/1/19,466,20,48111,7207,3898,32.1,45580,1025,706,328,255,67,244,56,43,111,46,6,45625,83,85,114,124,172,190,292,143,108,256,250,296,125,44,67,83,30,152,74,51,69,80,68,40,60,122,21,90,119,57,69,37,3501,135,1611,2208,174,1279,450,532,444,194,1391,31,72,4,108,148,263,230,856,1139,79,3463,20132017,0,3286,381,0,2905
48113,Dallas County,TX,2021/1/19,234625,2453,48113,2552213,2279,33.3,53626,82606,136029,171074,184194,81710,219902,37108,51731,108712,68400,21679,32117515,59030,41383,43976,49066,48509,48930,44591,46528,38410,76043,91983,103448,70113,40615,45889,57665,25532,31817,19273,22981,27370,18482,11126,9850,28540,35881,21479,27443,34838,24713,18468,19361,1252101,78641,608016,682882,177288,364902,159206,148049,143161,120540,351604,16641,52597,33058,40362,29869,67500,52830,292857,446611,52387,1231172,20132017,25687,1100378,135639,4667,964739
48115,Dawson County,TX,2021/1/19,1575,59,48115,13095,2336,33.1,43201,1709,781,357,252,81,221,94,116,273,197,38,76690,446,250,443,260,180,275,184,197,242,295,324,515,299,189,86,154,122,223,129,146,170,97,143,119,130,143,91,196,275,188,203,135,4968,355,4944,3255,298,3029,820,732,900,384,2304,21,86,31,148,254,632,277,1449,2078,139,4756,20132017,9,4483,784,0,3699
48117,Deaf Smith County,TX,2021/1/19,2418,60,48117,18947,3877,31.8,51543,3089,1580,1021,518,257,438,54,71,235,94,31,105670,383,374,288,253,411,202,379,338,323,535,685,937,614,198,74,124,157,309,188,168,232,261,52,114,215,284,235,234,236,163,205,181,8619,452,4520,6013,387,3547,1292,1346,1456,955,2990,129,162,19,507,241,707,279,2044,3373,186,8278,20132017,41,7986,951,0,7035
48119,Delta County,TX,2021/1/19,213,5,48119,5172,717,43.7,42642,161,185,211,138,143,408,87,57,168,87,127,59325,186,135,97,100,135,226,72,108,68,202,158,223,133,83,56,53,130,114,60,93,140,80,63,38,85,140,63,91,159,48,61,132,1980,135,2012,1171,170,1256,258,260,332,163,534,51,72,37,30,52,240,244,726,1168,28,1911,20132017,11,1796,135,0,1661
48121,Denton County,TX,2021/1/19,46272,439,48121,781321,2300,34.9,80290,29439,43023,48698,49485,25449,60592,15048,20790,47423,27335,7545,11041680,10113,6439,7673,8145,9624,9967,9732,10332,9960,20638,26218,36919,31616,22571,26888,28329,6920,10247,5905,7108,8891,5168,2970,1833,7058,10782,6351,8351,10421,6470,4060,4063,419189,19739,163840,201209,71260,93186,45144,48001,43766,53451,40369,7400,27978,14780,3760,3834,18122,20379,96253,64503,29032,411284,20132017,1605,367646,34824,870,332822
48123,DeWitt County,TX,2021/1/19,1553,50,48123,20474,2354,41.2,50960,1723,1007,779,552,207,896,149,117,562,291,391,178440,572,519,522,276,490,332,302,412,157,374,762,831,602,268,321,520,292,413,360,290,298,425,157,138,309,418,296,352,452,359,280,453,7965,551,7757,4634,542,5923,1105,1075,824,357,2774,85,278,130,245,348,1355,520,2961,2975,302,7802,20132017,11,7228,594,0,6634
48125,Dickens County,TX,2021/1/19,136,7,48125,2224,2341,43.2,43088,115,85,59,27,6,38,13,12,26,76,14,,80,90,65,49,31,26,30,71,35,73,81,89,33,22,32,25,22,54,25,33,62,76,36,15,51,32,41,51,79,37,38,9,747,132,927,488,86,499,100,128,121,24,317,13,23,27,2,25,80,58,228,345,37,737,20132017,2,599,109,0,490
48127,Dimmit County,TX,2021/1/19,904,13,48127,10822,3447,33.5,31384,1090,488,603,302,103,108,0,38,156,82,76,,392,406,398,312,137,289,221,152,61,111,331,276,146,70,78,96,110,194,52,235,138,97,94,98,78,327,203,92,191,124,81,188,3805,671,3537,3259,261,2015,696,694,1027,230,2344,38,47,10,236,163,375,262,1131,3237,251,3765,20132017,15,3347,324,0,3023
48129,Donley County,TX,2021/1/19,289,8,48129,3433,2409,41.9,44429,346,172,158,79,25,63,14,31,75,180,23,31090,109,80,74,71,99,55,72,63,45,102,131,112,65,99,16,37,39,94,34,69,84,96,35,34,71,66,28,93,119,104,59,48,1421,69,1335,686,136,719,131,144,172,373,251,11,58,6,9,33,190,110,417,468,83,1403,20132017,0,1249,208,0,1041
48131,Duval County,TX,2021/1/19,1058,32,48131,11434,4644,36.8,35443,945,255,375,369,151,205,19,72,285,354,223,99635,481,343,388,278,243,167,266,182,117,313,341,243,195,35,165,88,80,121,140,174,251,112,216,66,109,143,175,211,198,275,128,114,3950,622,4272,2878,247,2450,646,781,614,198,2388,57,58,8,168,266,496,191,1244,2731,238,3848,20132017,0,3444,598,0,2846
48133,Eastland County,TX,2021/1/19,972,23,48133,18278,2398,43,32135,1700,1116,1468,604,137,393,80,115,199,169,211,126295,748,484,611,805,316,464,452,254,305,480,541,286,243,108,211,129,299,354,152,252,657,439,125,227,268,502,175,420,523,355,346,323,6910,419,7548,3758,562,4366,883,795,717,996,2135,137,237,112,366,192,722,623,2389,3023,47,6847,20132017,0,6552,582,0,5970
48135,Ector County,TX,2021/1/19,12222,269,48135,155744,2334,30.3,59528,8670,13741,14472,10908,2791,8142,809,1003,2126,2599,2222,1540830,2530,1895,2542,2679,2371,2442,2578,2495,2055,4279,5399,6784,5293,2803,2959,2371,1361,2093,1091,1156,1623,1016,864,633,1762,1613,1054,1769,1744,1351,1151,1341,72576,5349,35810,46627,3775,27132,10462,10155,8777,7008,23063,1007,1610,554,2003,2864,4728,3419,16185,18882,1559,71555,20132017,250,67779,9719,24,58060
48137,Edwards County,TX,2021/1/19,207,3,48137,2111,5491,49.1,48462,377,73,10,23,0,58,0,0,53,30,17,,63,36,70,40,46,43,11,3,13,40,94,84,47,9,7,28,0,75,52,86,45,88,30,3,44,38,48,29,142,33,32,13,888,48,897,315,23,474,78,22,48,0,402,8,77,13,15,12,112,27,264,147,138,847,20132017,0,668,129,0,539
48141,El Paso County,TX,2021/1/19,107552,1940,48141,834825,2435,31.9,43244,28494,49257,62594,63913,26470,54009,7407,10523,15931,8239,5676,7913605,23452,18268,17739,15962,16498,15299,15207,13436,13121,22054,25204,26813,16936,8989,8289,5933,6935,9988,5686,7208,10858,7656,4778,4107,9420,11601,6922,8990,13154,10041,7904,7763,341350,25629,242083,234441,35258,121262,51972,52404,54583,61987,116517,5519,12921,7136,11267,7634,22028,18497,85002,177980,12184,351018,20132017,5162,318550,38668,21,279882
48139,Ellis County,TX,2021/1/19,16403,201,48139,164092,2624,36,67371,7251,9189,9396,8001,3341,8526,2581,3360,10328,6988,1659,2146225,2265,2204,1516,2099,2153,2492,2495,2305,1776,4677,6273,8274,5372,3862,3998,2964,2040,2560,1411,2012,2396,1599,774,629,2248,2533,1719,2009,2702,1955,1410,1140,78597,3829,42274,44417,6616,30158,10417,10886,10236,7982,15875,1482,3058,1387,1625,1800,6267,5383,21002,17014,3850,77018,20132017,276,71693,8525,40,63168
48143,Erath County,TX,2021/1/19,3470,42,48143,41016,2813,30,47013,4255,3590,2184,2202,437,1553,70,329,721,492,627,357360,1755,785,747,489,1012,676,528,663,684,1155,1344,1507,976,695,512,299,516,596,553,393,591,371,359,240,420,587,479,621,577,610,412,460,19076,863,13437,8635,2158,5666,2148,1876,1924,6795,3468,341,811,391,459,374,945,931,4252,8807,842,18784,20132017,33,17284,1913,0,15371
48145,Falls County,TX,2021/1/19,1308,22,48145,17289,1992,39.2,38834,984,518,364,466,216,1017,576,275,392,187,167,148155,778,404,341,325,344,280,279,309,279,465,518,458,311,134,128,52,120,392,160,262,343,260,156,186,241,316,140,403,263,269,217,276,5774,372,7939,3714,298,4497,732,822,1048,563,2759,181,98,42,245,296,878,381,2121,3917,183,5738,20132017,45,5111,635,19,4476
48147,Fannin County,TX,2021/1/19,2439,66,48147,33787,2310,41.9,47875,1779,1491,1172,1260,591,1551,438,412,1147,1242,679,369660,1022,615,667,685,737,668,708,605,485,998,1164,1576,920,465,416,296,494,643,362,694,768,493,343,387,491,534,460,612,744,625,425,446,13407,731,13305,7137,1264,8264,1325,1802,2162,1149,3535,361,503,227,294,520,1747,1227,4879,4580,727,13169,20132017,0,12063,1306,0,10757
48149,Fayette County,TX,2021/1/19,1447,43,48149,24963,2460,47.2,56941,1988,2417,1472,1449,515,884,169,271,429,483,496,253520,527,580,380,450,462,418,580,377,381,656,1086,1292,783,428,371,527,510,516,474,509,634,480,381,254,429,438,368,506,746,477,518,576,11626,182,8642,5202,833,6876,1222,1188,1211,713,3063,155,435,184,257,262,1470,745,3508,2220,355,11463,20132017,22,10748,966,0,9782
48151,Fisher County,TX,2021/1/19,266,10,48151,3875,2334,44,45294,223,282,201,132,41,176,24,15,129,120,27,35090,132,123,53,99,110,112,82,133,77,134,190,185,150,64,27,25,50,55,47,57,109,114,61,27,75,86,80,108,82,102,53,70,1728,102,1355,805,125,855,162,156,239,64,460,38,52,3,45,17,221,105,481,666,60,1704,20132017,0,1573,188,0,1385
48153,Floyd County,TX,2021/1/19,631,25,48153,5953,2569,37.1,48767,802,288,158,214,19,332,3,29,42,31,30,33010,191,133,153,139,120,98,103,133,127,267,181,327,114,93,89,52,66,104,23,71,154,99,60,78,84,84,70,85,186,83,104,88,2444,166,1946,1616,176,989,404,382,391,80,1001,43,60,9,103,110,155,152,632,1076,177,2387,20132017,19,2146,212,0,1934
48155,Foard County,TX,2021/1/19,91,5,48155,1414,1831,48.6,50000,100,103,33,22,22,90,0,16,3,38,15,,5,45,49,40,63,22,10,41,6,92,66,44,37,13,12,17,14,25,15,22,29,44,40,39,7,32,24,25,50,48,23,17,591,75,521,281,41,334,67,94,93,32,234,0,29,17,20,52,83,27,228,78,14,587,20132017,0,559,64,0,495
48157,Fort Bend County,TX,2021/1/19,44067,439,48157,711421,2266,35.8,93645,13435,26269,34078,35564,18831,57597,14904,20888,52528,31917,7485,10455780,7019,4353,5116,6369,6183,6412,5699,7516,6466,15127,19600,27908,26273,19593,25030,33667,8132,11386,5796,7341,8799,5170,2691,1887,8378,10952,6562,8115,8994,5447,4201,4046,339159,19073,177327,198856,77697,77798,47299,46981,45824,41297,46565,6065,25149,18179,4746,4569,15292,17189,91189,56959,16369,333432,20132017,5146,305681,32283,13,273398
48159,Franklin County,TX,2021/1/19,565,16,48159,10639,741,42.9,43967,525,562,475,385,152,640,85,114,116,172,190,93905,310,341,193,348,317,206,94,204,153,240,353,521,211,185,118,137,117,322,111,185,293,185,156,61,82,302,58,302,270,239,183,84,4397,363,3636,2582,392,2303,592,513,653,354,937,58,144,59,148,97,458,426,1390,1582,227,4160,20132017,0,3804,372,0,3432
48161,Freestone County,TX,2021/1/19,988,30,48161,19646,2292,40.6,45890,818,1838,993,662,419,527,221,186,258,318,458,183680,396,590,592,539,546,313,305,288,269,525,657,736,475,450,311,240,270,305,239,339,434,251,197,215,175,538,315,365,456,368,370,175,7422,326,7952,4520,407,4812,987,1095,1084,476,2498,182,230,112,204,349,938,601,2616,3122,198,7341,20132017,7,6970,884,0,6086
48163,Frio County,TX,2021/1/19,2148,24,48163,19110,2934,31.3,37382,2627,961,574,471,60,322,15,108,469,126,108,104010,464,481,216,240,307,376,283,215,163,213,482,418,352,83,140,97,239,215,88,294,357,191,138,70,112,413,150,234,270,180,194,189,6859,544,7517,4590,179,4001,833,945,1303,638,4020,147,43,10,524,351,578,344,1997,3227,152,6739,20132017,13,6441,740,0,5701
48165,Gaines County,TX,2021/1/19,1302,36,48165,19889,3890,28.1,58167,2139,1234,910,637,251,749,8,182,94,444,261,150180,412,178,207,341,280,228,240,385,185,457,730,783,505,336,277,172,119,263,100,146,207,110,96,151,149,269,78,148,257,208,92,120,8134,381,4923,7093,420,3289,1557,1601,955,202,4171,109,118,104,641,240,607,260,2079,2180,169,8058,20132017,0,7548,1511,0,6037
48167,Galveston County,TX,2021/1/19,26898,251,48167,321184,1033,37.6,65702,13137,19341,20325,19220,8621,17844,5072,5500,12517,11621,4123,3947430,7170,4924,5353,5856,4956,5179,4956,4339,3679,8090,10503,13391,10408,8501,10106,10044,4158,5479,3258,4255,4859,2819,2196,1701,4370,6048,3401,4459,5580,3661,3335,2732,149076,10391,91380,79083,21827,53959,17229,18376,18488,17556,25753,3764,8158,4651,2281,3246,10838,9968,42906,43721,5410,146282,20132017,1335,133758,15358,0,118400
48169,Garza County,TX,2021/1/19,278,18,48169,6739,2321,40.1,53832,827,373,104,17,0,44,28,50,265,184,19,41290,90,59,37,100,82,96,45,62,155,286,165,226,122,50,66,74,61,63,11,70,92,90,68,21,53,97,34,88,88,126,24,49,2445,49,3258,1194,104,1399,280,306,316,57,2125,15,117,25,345,153,339,121,1115,646,3,2380,20132017,0,2267,566,0,1701
48171,Gillespie County,TX,2021/1/19,1830,32,48171,25939,2748,50.2,56267,2031,1962,1203,1732,404,1271,150,139,225,318,373,225510,543,470,593,760,685,496,322,573,410,844,1178,1177,1222,306,635,581,397,531,408,557,823,844,379,428,493,820,414,783,850,727,532,689,11800,620,9002,5172,1734,5673,1034,1456,1311,569,1919,70,861,297,220,128,1159,548,3283,3175,724,11610,20132017,59,10047,1624,0,8423
48173,Glasscock County,TX,2021/1/19,94,1,48173,1420,2334,38.3,64886,97,40,53,65,23,89,30,67,16,27,0,,26,9,29,32,9,47,9,35,9,11,32,45,32,48,46,56,10,49,17,19,20,17,5,9,11,56,11,22,19,31,21,7,669,0,473,346,50,220,82,98,137,51,235,0,62,3,34,5,31,46,181,165,49,665,20132017,0,542,25,0,517
48175,Goliad County,TX,2021/1/19,299,9,48175,7510,2212,46.4,56737,365,181,97,264,138,445,192,148,435,151,121,82920,211,151,161,183,141,74,122,113,89,209,226,373,239,202,126,135,126,175,182,149,129,125,144,37,141,134,134,138,194,194,121,30,2994,206,2926,1626,317,1831,333,359,471,214,540,130,95,62,52,40,509,255,1143,1215,157,2934,20132017,0,2623,393,0,2230
48177,Gonzales County,TX,2021/1/19,1962,29,48177,20558,2766,36.9,47516,2232,1239,997,976,229,874,138,111,346,649,267,190975,553,482,372,437,424,399,323,296,374,503,889,724,505,180,348,209,192,370,229,261,447,249,217,121,248,401,267,317,370,289,220,292,8939,480,6186,5550,465,4730,1330,1154,1257,330,3533,162,211,85,434,219,1096,458,2665,3469,275,8855,20132017,92,8152,1310,0,6842
48179,Gray County,TX,2021/1/19,1773,40,48179,22962,2404,36.7,48314,2600,2147,1147,256,149,506,138,92,447,687,211,175215,476,356,671,518,544,498,465,281,250,679,832,948,656,386,265,146,197,318,235,275,407,248,247,194,166,447,288,273,418,355,328,349,9498,492,7655,5851,451,4997,1303,1318,1037,700,3002,337,254,78,231,392,808,832,2932,3169,70,9300,20132017,0,8927,959,0,7968
48181,Grayson County,TX,2021/1/19,8983,225,48181,126146,2419,40.2,52683,7076,8870,9054,6548,2486,4959,1317,1208,3405,3826,1712,1312765,3420,2491,2774,2469,2305,2514,2584,2227,1880,3743,4709,6906,3590,2126,2336,1476,1743,1993,1493,1875,2668,1651,1128,881,1827,2531,1621,2103,2987,1964,1568,1774,57373,4014,37892,30013,5734,26722,6808,6685,6948,6258,10039,1798,2175,1115,982,1147,4845,4290,16352,17605,3299,55939,20132017,166,50687,7076,0,43611
48183,Gregg County,TX,2021/1/19,8451,221,48183,123402,710,35.4,47970,9125,9868,9878,8374,2272,5657,640,1009,1847,1108,1134,1078255,3338,2469,2813,3115,2730,2692,2076,2109,2405,4168,4411,4708,3394,2021,1765,1401,1190,1721,968,1635,1812,1625,833,660,1398,2156,1191,1993,2080,1819,1450,1778,55237,2772,36871,31926,4923,22892,7789,6875,5993,6628,12318,1058,1873,1219,1044,1371,4097,3649,14311,21028,1523,54452,20132017,47,51044,4597,35,46447
48185,Grimes County,TX,2021/1/19,1889,52,48185,27358,2056,40.4,49745,1173,1534,1156,1186,943,886,270,382,862,740,357,267865,743,597,623,484,424,411,311,414,511,855,927,1059,638,380,347,256,535,566,280,468,634,423,209,161,466,529,270,437,565,418,249,262,10403,607,10857,6135,874,6661,1497,1435,1699,908,3939,241,338,92,474,591,1575,965,4276,4444,399,10288,20132017,0,9649,1677,0,7972
48187,Guadalupe County,TX,2021/1/19,9123,128,48187,150889,1841,36.7,66187,5908,9917,10444,8811,4074,9242,2123,2983,7252,4037,1318,1798630,2613,1518,1894,2115,1718,1840,2236,2393,2254,4715,5929,7798,5743,3491,3429,2304,1419,2167,1373,1872,2339,1557,1119,688,1776,2283,1772,2096,2357,1857,1418,1262,70169,3268,41757,39270,9051,29428,8809,9177,9672,8110,11580,1728,3159,2158,833,1266,5458,4080,18682,15774,2843,70172,20132017,121,65891,6272,22,59619
48189,Hale County,TX,2021/1/19,5668,135,48189,34527,2603,33,46012,4122,3309,1477,691,278,877,133,134,809,461,276,235705,1005,739,552,655,609,619,688,597,708,995,1290,1368,649,408,180,155,367,474,281,373,516,358,278,243,332,483,232,391,613,411,329,443,14267,971,10709,9582,1058,7083,2057,2363,2477,1635,5155,192,388,208,545,400,1395,921,4049,6358,446,13775,20132017,50,13051,1721,0,11330
48191,Hall County,TX,2021/1/19,353,11,48191,3102,2339,43.2,31324,282,89,89,86,0,72,8,3,5,40,50,,136,121,103,164,71,107,56,62,48,112,78,70,45,41,16,14,46,75,24,74,80,63,42,48,32,99,34,89,74,88,45,42,1125,168,1176,730,97,609,137,299,219,60,517,19,46,29,68,70,96,90,418,673,10,1100,20132017,0,1051,142,0,909
48193,Hamilton County,TX,2021/1/19,546,21,48193,8220,2165,46.4,46611,798,420,353,206,171,238,29,31,157,128,132,63675,190,296,227,152,167,198,195,120,85,298,294,349,249,87,129,121,98,214,89,170,251,242,39,159,117,178,104,167,277,180,152,254,3584,114,2998,1679,354,1965,350,376,459,219,988,84,201,27,111,79,461,100,1063,1273,189,3530,20132017,0,3124,595,0,2529
48195,Hansford County,TX,2021/1/19,673,17,48195,5532,2383,34.9,40678,639,182,310,63,124,300,11,36,72,47,17,34360,159,80,137,81,263,106,101,178,57,148,140,172,119,53,106,24,34,96,73,49,119,109,18,24,23,88,31,91,97,118,52,77,2394,94,1603,1621,117,930,347,521,294,95,993,31,88,23,161,33,141,196,673,1017,18,2332,20132017,9,2183,174,0,2009
48197,Hardeman County,TX,2021/1/19,319,9,48197,3990,1800,43.6,37995,410,197,261,135,34,194,28,5,10,13,33,,125,151,157,143,57,59,113,46,72,108,117,230,66,32,15,42,52,119,62,48,127,73,36,16,29,78,42,103,89,75,47,81,1695,121,1352,901,103,950,321,212,163,64,630,21,77,20,68,56,199,131,572,548,0,1647,20132017,0,1604,336,0,1268
48199,Hardin County,TX,2021/1/19,4080,69,48199,55993,2315,39.3,56131,2102,2583,2742,3362,1412,4320,1074,1107,2346,1224,639,664305,1561,1224,805,1065,909,842,832,1012,967,1623,1946,2471,1782,1412,1179,1109,653,1130,614,762,1174,648,362,402,789,954,740,901,1193,767,706,556,24056,1097,18513,13866,1943,14314,3197,3227,3167,1973,4646,653,715,213,186,612,3362,1451,7192,6669,443,23904,20132017,15,22967,2236,22,20731
48201,Harris County,TX,2021/1/19,286356,3825,48201,4525519,4478,33.1,57791,129081,218677,284067,301144,124624,384930,68886,94019,218872,163263,43634,59612780,98715,68337,75648,80275,74710,78091,70427,73216,60928,122390,152567,177981,131467,83137,92872,122052,46922,58153,32938,42601,49831,30103,19416,15822,48638,65231,38209,47785,57421,39285,29974,29344,2180392,149192,1099302,1225059,314848,668154,281438,265853,262452,245703,557598,29530,96857,60236,67074,44727,122562,95645,516631,751985,79181,2140881,20132017,55269,1930740,232327,950,1698413
48203,Harrison County,TX,2021/1/19,3575,71,48203,66606,2328,37.7,48644,3785,4598,4936,3715,1419,3182,688,556,1481,620,298,546455,1845,1429,1249,1462,1487,1267,913,1307,1005,1694,2347,3328,1734,797,846,653,727,1069,699,695,1523,810,469,405,871,1472,699,1157,1340,919,774,906,27603,2128,21691,17048,2345,14779,4009,3527,3796,2714,6964,530,943,340,391,1199,3396,1714,8513,11605,1022,27230,20132017,7,25568,1732,0,23836
48205,Hartley County,TX,2021/1/19,317,2,48205,5821,3787,39.8,64427,720,302,295,146,30,85,0,4,30,35,11,,42,27,100,158,83,89,87,41,80,62,367,268,143,119,36,52,95,33,36,54,135,70,34,46,50,86,64,51,114,95,50,61,2049,25,2631,1255,178,1693,242,309,233,73,832,43,138,35,96,43,446,137,938,347,95,2034,20132017,0,1877,169,0,1708
48207,Haskell County,TX,2021/1/19,355,17,48207,5806,2339,43.4,43529,555,298,272,270,21,77,20,11,34,116,41,33315,192,135,218,109,107,197,49,77,127,224,280,178,97,52,39,47,115,150,59,94,138,83,86,93,82,164,59,121,150,115,104,127,2180,230,2526,978,155,1427,285,188,180,113,1319,47,102,19,129,62,293,123,775,958,61,2124,20132017,0,1940,252,0,1688
48209,Hays County,TX,2021/1/19,14460,130,48209,194843,1756,31.3,62815,8911,11404,11594,10449,4717,11918,2254,4949,11892,9157,2704,2750840,4837,2666,2870,2982,2838,2896,3318,2281,2781,4825,7166,9992,6164,4125,4385,3919,1936,2703,1561,2152,2464,1572,785,529,2202,2617,1498,2190,2967,2010,1128,983,99069,5566,49450,45695,14296,25458,10461,10242,9974,24828,12644,1554,4578,2718,1238,1239,4787,4874,20988,28737,6293,97804,20132017,800,86716,9549,0,77167
48211,Hemphill County,TX,2021/1/19,451,2,48211,4152,2357,35.1,68679,628,183,164,76,15,30,12,13,89,86,77,29120,60,78,10,15,47,97,35,136,48,46,190,175,200,60,86,75,46,68,49,84,23,21,40,22,21,84,52,57,63,21,35,48,1898,141,963,1325,83,631,264,401,374,116,600,1,58,0,68,92,184,109,512,363,68,1886,20132017,0,1731,293,0,1438
48213,Henderson County,TX,2021/1/19,4434,106,48213,79687,2264,43.8,44888,3934,4241,3636,2960,1379,3173,671,728,2463,2939,2091,900770,2248,1896,1942,1773,2030,2069,1452,1859,1189,2620,2937,3665,1943,1100,956,780,1087,1521,996,1411,2086,1589,1023,626,1153,1636,1128,1644,2428,1550,1305,1162,31087,2043,31296,17435,3403,18926,3829,4095,4077,2944,9321,789,1191,389,822,965,3727,2618,10501,14023,1230,30629,20132017,1,28798,3687,8,25111
48215,Hidalgo County,TX,2021/1/19,56455,2018,48215,839539,4064,28.9,37097,32355,47376,65390,53550,19781,37000,4040,4996,7586,5846,6032,6384475,28310,20268,18703,15942,14139,13681,11138,10087,9369,17841,19413,21796,13189,7185,6799,4663,5854,8874,5589,7190,9536,7501,5437,3801,7436,9805,6419,8202,12096,9295,6087,6414,313678,27566,246940,281529,23471,107747,63468,64086,61367,44618,168882,3073,9668,4362,16675,11226,17069,11753,73826,263891,15026,306998,20132017,765,273909,27094,0,246815
48217,Hill County,TX,2021/1/19,2398,47,48217,35098,2492,42.5,45970,1786,2121,1652,1360,452,1603,316,412,1277,1255,682,386210,958,709,847,770,801,797,653,698,523,974,1259,1441,975,512,373,384,429,614,382,657,976,571,462,300,546,666,571,671,863,783,405,456,14579,1293,12021,8258,1293,8080,1794,1900,2053,1467,4508,307,517,182,400,440,1779,900,4525,5967,661,14233,20132017,1,13123,1749,0,11374
48219,Hockley County,TX,2021/1/19,2049,91,48219,23273,2352,33.4,49184,2165,1770,1094,618,633,1153,139,272,482,185,263,193880,599,409,556,327,441,496,392,530,338,773,783,1040,568,322,249,242,287,416,231,225,379,256,184,134,309,410,207,317,416,327,245,222,10337,827,6699,6159,639,4079,1461,1410,1431,1743,3250,261,179,119,278,323,789,680,2629,3354,248,10121,20132017,12,9587,1635,0,7952
48221,Hood County,TX,2021/1/19,5050,85,48221,55418,1093,46.8,60275,1706,2635,2235,3133,925,3405,294,548,3278,1613,1198,700920,1164,919,936,1188,1094,1112,1182,796,854,1445,2564,2476,2046,1227,1296,1228,839,1301,1028,1064,1527,1399,719,483,976,1092,890,1306,1756,1384,878,876,22905,712,21218,11835,3201,11741,2261,2924,2350,1506,4401,369,1447,631,433,448,2104,1979,7411,6722,1015,22581,20132017,25,21203,1393,6,19810
48223,Hopkins County,TX,2021/1/19,2518,86,48223,35929,2033,39.6,47832,2558,2896,2040,1729,510,1274,471,212,668,486,767,339690,936,673,822,800,965,799,730,625,584,1063,1550,1400,947,477,509,407,439,466,427,557,664,522,455,167,475,557,306,745,874,634,535,435,15408,967,11432,9066,1363,8749,1985,2127,1944,1307,4069,134,417,210,526,394,2000,975,4656,6312,530,15122,20132017,40,14101,1578,0,12523
48225,Houston County,TX,2021/1/19,1360,30,48225,22849,3188,44.6,33552,911,1485,837,730,299,719,434,158,903,258,295,190990,870,923,809,469,779,497,448,386,359,566,753,752,365,178,70,104,255,451,258,381,606,416,383,201,301,540,303,355,668,430,345,426,7642,359,10910,4406,580,6164,1055,1003,975,587,3065,302,376,197,246,278,1361,824,3584,4833,289,7529,20132017,0,7068,629,0,6439
48227,Howard County,TX,2021/1/19,4196,79,48227,36491,2339,36.7,50855,3382,3731,2282,933,183,723,114,87,766,489,433,262245,879,552,541,385,784,627,603,595,429,1092,1029,1428,838,533,382,335,511,531,267,465,537,410,231,239,333,528,253,395,593,446,391,345,14393,1031,13950,7998,911,8567,1774,1997,2018,1350,4989,384,522,289,477,790,2163,1014,5639,4344,154,14103,20132017,57,13540,2241,0,11299
48229,Hudspeth County,TX,2021/1/19,466,8,48229,3702,11839,38.8,26346,134,200,9,61,9,57,0,53,61,165,28,,139,96,95,87,81,48,55,48,25,45,86,27,17,14,21,6,23,66,76,64,92,33,48,0,59,71,27,72,77,64,16,34,1083,66,1752,904,18,656,238,205,222,49,1204,31,43,8,61,76,100,87,406,1109,105,1069,20132017,0,903,60,0,843
48231,Hunt County,TX,2021/1/19,4557,103,48231,90322,2178,37.9,49319,4199,5077,4670,4256,1408,3739,569,1071,2963,4776,2078,1114485,2385,2229,1910,2112,1730,1624,1277,1561,1244,2139,3238,4149,2085,1721,1563,814,1149,1521,975,1375,1655,1258,659,464,1121,1469,986,1371,1983,1333,1002,1038,38753,2690,29562,21658,4140,20615,5102,5167,4684,5709,9272,660,1100,678,691,1255,4799,2685,11868,16430,1371,37578,20132017,18,34978,4513,0,30465
48233,Hutchinson County,TX,2021/1/19,1253,57,48233,21704,2297,36.9,50035,2645,1955,1262,593,114,482,86,159,593,254,150,162825,612,594,392,530,317,374,330,349,399,699,743,955,478,370,456,201,407,317,321,282,308,351,174,155,283,376,229,290,393,294,286,243,9149,501,7079,5640,534,4640,1200,1145,1225,972,2057,166,238,107,123,227,1141,803,2805,3541,131,9018,20132017,0,8738,1049,0,7689
48235,Irion County,TX,2021/1/19,84,1,48235,1592,2725,45.5,63021,106,27,41,44,36,124,26,1,25,17,30,13870,34,57,9,41,28,40,26,14,5,52,61,104,65,25,48,39,22,47,4,15,48,29,28,13,42,30,39,13,24,25,23,20,718,53,469,369,61,427,100,99,92,72,65,24,23,36,0,12,117,64,276,215,100,722,20132017,7,605,22,0,583
48237,Jack County,TX,2021/1/19,530,12,48237,8839,2375,40.6,52829,392,406,357,321,34,342,73,36,396,167,149,78215,184,143,155,155,204,226,200,97,75,246,335,330,298,193,119,115,129,150,88,118,186,121,54,80,94,106,109,96,222,94,96,153,3160,117,3932,1887,281,2600,348,494,500,111,1204,65,49,58,116,149,614,254,1305,1395,149,3098,20132017,0,2901,249,0,2652
48239,Jackson County,TX,2021/1/19,1284,23,48239,14756,2150,39.2,58504,1080,709,678,537,487,1205,183,154,386,339,214,164285,419,235,245,224,251,134,267,234,122,552,545,853,448,207,267,229,157,236,188,201,205,190,127,168,198,278,143,190,357,252,218,209,6760,332,4253,3810,482,3207,1033,812,788,462,1494,163,104,47,96,140,657,669,1876,1962,283,6676,20132017,121,6136,722,0,5414
48241,Jasper County,TX,2021/1/19,1965,48,48241,35444,2429,40.4,41960,1470,1870,1471,1127,649,1346,199,445,1534,1017,568,363185,859,1076,960,866,706,548,747,442,399,921,1035,1499,903,473,314,226,480,574,345,571,992,416,348,325,550,655,550,704,730,555,485,517,12541,1441,13891,8601,1130,10719,1823,2142,1911,602,3375,174,295,252,239,475,1794,1299,4528,5772,230,12365,20132017,24,11395,1444,0,9951
48243,Jeff Davis County,TX,2021/1/19,116,1,48243,2236,5866,55.3,46534,100,154,122,5,32,105,0,3,84,16,14,,48,68,81,72,18,38,98,67,30,94,136,121,100,8,27,1,97,34,47,42,193,25,59,4,51,85,42,55,132,44,33,22,911,49,919,408,316,260,76,114,143,32,360,4,50,38,0,22,57,100,271,145,101,911,20132017,0,763,177,0,586
48245,Jefferson County,TX,2021/1/19,15937,263,48245,254574,2341,36,46315,13316,19420,19960,21505,4231,12051,854,1141,2241,3671,945,2009090,9713,5613,6030,5622,4822,4991,4338,4846,4047,7320,8950,9416,6872,4141,3874,3425,3021,4218,2582,3064,3307,2756,1822,1608,3162,4319,2343,3352,4523,3763,2755,2964,105319,7276,87997,60519,9941,55612,13851,12275,12583,11677,27391,2490,3832,1697,2708,2839,11594,7765,32925,46222,1631,103651,20132017,522,99798,7008,3,92790
48247,Jim Hogg County,TX,2021/1/19,494,11,48247,5262,2942,35.4,31403,433,196,96,33,40,57,47,29,155,75,200,,183,234,149,85,115,137,8,104,56,46,99,143,73,73,42,40,29,108,55,147,88,49,37,8,63,193,140,54,144,145,56,56,1646,337,1842,1567,81,1056,321,412,386,189,906,37,46,0,42,134,161,64,484,1353,0,1646,20132017,19,1618,345,0,1273
48249,Jim Wells County,TX,2021/1/19,3417,70,48249,41318,2240,34.5,41103,2250,1573,3441,379,206,3587,79,204,771,1756,864,443090,1607,881,1153,1111,639,699,533,523,335,1247,1054,1425,968,666,518,255,523,601,459,518,621,473,289,284,593,708,491,588,671,524,517,473,16282,919,13704,11700,652,9328,2626,2361,2873,1270,6946,277,327,116,526,666,1790,802,4504,9382,506,16022,20132017,0,14951,1532,0,13419
48251,Johnson County,TX,2021/1/19,14435,213,48251,160173,1888,36.9,60458,5159,7310,6821,8881,3693,14111,2377,3036,9898,4388,2053,2095770,2530,2113,2609,2281,2318,2409,2599,3128,2289,5215,6251,8095,5639,3140,3014,1837,2099,2214,1569,1933,2709,1873,1057,616,1897,2440,1597,2447,2983,2186,1249,1372,72273,3736,46979,42002,5347,34442,9027,8735,8693,6129,16574,1464,2487,1128,1416,2039,7122,5078,20734,17201,2681,71798,20132017,86,67514,6127,0,61387
48253,Jones County,TX,2021/1/19,2569,35,48253,19969,2411,38.6,48601,798,599,538,718,338,565,91,125,512,37,28,97555,463,455,290,307,177,316,262,427,177,605,412,746,355,192,255,196,201,280,176,260,396,261,74,222,174,311,177,325,375,296,217,148,5057,220,11621,3530,288,5864,669,831,1168,299,3296,105,253,104,128,465,1317,666,3038,2021,139,4976,20132017,1,4652,825,0,3827
48255,Karnes County,TX,2021/1/19,1387,26,48255,15051,1942,35.3,53051,1012,892,577,409,154,500,61,72,226,386,183,112985,404,293,223,152,178,323,169,154,190,291,429,473,402,130,218,274,185,195,165,169,203,224,109,96,163,207,146,115,301,208,189,225,5433,232,6562,3167,378,3737,797,696,602,303,2511,186,152,63,230,226,711,359,1927,2377,188,5388,20132017,6,5105,656,0,4449
48257,Kaufman County,TX,2021/1/19,11450,154,48257,114852,2036,35.7,63926,4147,5461,5199,3995,2219,6942,1481,2629,7577,7174,2308,1749460,1836,1538,1433,1277,1603,1686,1737,1715,1386,2886,3896,4846,4285,2719,2369,1313,1151,1709,805,1382,1757,889,762,411,1290,1787,1053,1522,1817,1303,900,913,53146,3674,29471,31882,5046,24568,7673,7337,7290,4988,10342,1185,1790,1009,976,1187,4854,3329,14330,14073,1889,52377,20132017,90,49273,5785,0,43488
48259,Kendall County,TX,2021/1/19,1890,44,48259,40306,1715,42.4,81023,1427,1793,1766,1928,958,1797,1162,1295,2096,900,808,523845,605,272,395,401,464,669,403,422,484,730,1412,1855,1542,1110,1223,1704,603,756,518,730,881,603,445,194,414,911,478,662,1115,690,422,741,18640,858,12340,9554,3285,6126,2034,2670,2757,1194,1897,487,1467,746,221,206,1320,1087,5534,2255,1386,18187,20132017,0,16149,1764,0,14385
48261,Kenedy County,TX,2021/1/19,30,2,48261,564,3774,29.8,24800,36,28,54,41,8,0,0,0,7,4,0,,21,4,28,25,4,9,9,0,9,9,8,14,6,6,0,0,4,1,4,0,0,9,0,0,1,0,6,20,19,9,0,16,183,0,225,164,11,89,36,67,28,5,200,4,0,2,16,31,7,14,74,140,0,179,20132017,0,174,0,0,174
48263,Kent County,TX,2021/1/19,68,1,48263,680,2336,46.7,52250,87,17,15,14,11,7,0,1,0,6,0,,18,32,2,17,12,12,10,4,26,24,21,42,34,3,2,16,4,15,15,15,13,15,2,13,3,17,21,25,29,6,8,28,304,5,231,153,32,121,23,35,31,1,113,6,9,2,11,23,23,5,79,113,5,300,20132017,0,245,28,0,217
48265,Kerr County,TX,2021/1/19,3020,61,48265,50761,2865,47.8,48698,3558,4460,3631,2133,823,1730,201,569,575,881,388,400570,1073,985,1371,1258,1385,1166,1127,1314,811,1777,2097,2707,1202,903,760,644,661,1173,711,1066,1628,1130,959,759,622,1366,684,1180,1938,1328,901,1256,21475,1374,19168,9933,3452,10109,1969,2460,2321,1757,4370,397,1035,495,359,431,1723,1859,6299,6760,953,20950,20132017,7,19457,2939,0,16518
48267,Kimble County,TX,2021/1/19,227,6,48267,4432,3240,52.6,41095,483,193,159,64,107,111,7,21,145,108,84,38780,159,131,149,101,160,138,69,189,82,159,163,197,62,80,39,63,82,90,77,129,140,104,87,60,113,121,129,95,153,170,55,133,2027,138,1539,829,254,1130,151,174,235,41,560,60,56,35,38,84,217,87,577,965,66,1953,20132017,0,1796,378,0,1418
48269,King County,TX,2021/1/19,11,0,48269,289,2362,32.7,56964,43,2,11,23,3,3,0,0,2,7,4,,0,1,6,3,4,7,14,0,10,7,12,11,11,5,0,10,0,6,5,0,2,0,5,0,3,2,2,0,0,3,4,0,173,11,39,73,11,69,21,11,11,3,41,2,8,0,4,0,14,8,36,10,7,173,20132017,0,158,3,0,155
48271,Kinney County,TX,2021/1/19,258,3,48271,3631,3533,41.1,34926,516,365,35,128,30,20,17,14,88,0,52,,48,147,186,61,72,87,65,24,28,70,108,127,96,51,17,13,24,76,14,147,64,9,57,55,87,28,6,20,165,21,23,58,1351,119,1457,703,68,907,119,288,87,214,683,29,30,25,71,64,296,145,660,354,100,1367,20132017,16,1173,60,0,1113
48273,Kleberg County,TX,2021/1/19,1981,63,48273,31540,2256,27.9,41700,3596,3306,1912,1052,288,810,136,255,667,243,312,238640,1622,763,591,654,452,592,552,673,477,577,1046,1150,851,309,437,212,277,320,297,368,401,470,139,140,258,525,284,422,511,451,315,220,13683,1466,9386,7720,1299,3981,1702,1704,1643,3869,3852,249,328,228,207,511,804,543,2870,7003,250,13794,20132017,0,12286,1786,0,10500
48275,Knox County,TX,2021/1/19,207,12,48275,3753,2212,40.6,46319,257,149,256,93,57,113,0,4,40,50,48,,113,74,75,105,69,79,107,47,69,140,114,218,78,35,41,12,65,94,27,54,75,53,40,38,60,39,31,56,82,85,99,50,1504,80,1258,1028,119,863,254,243,173,68,433,39,68,9,73,63,166,88,506,529,65,1472,20132017,0,1381,243,0,1138
48283,La Salle County,TX,2021/1/19,814,15,48283,7418,3856,33.9,44601,920,447,165,121,21,376,0,60,97,64,105,,201,191,256,87,104,87,121,111,210,290,160,82,76,14,156,140,68,111,104,125,133,55,125,0,55,121,82,113,150,62,153,59,2716,155,3226,1579,222,2002,360,168,478,297,1613,23,53,42,142,88,527,106,981,535,85,2619,20132017,0,2487,168,0,2319
48277,Lamar County,TX,2021/1/19,4956,112,48277,49401,2375,40.4,42198,3476,4924,3901,2192,678,1778,103,262,722,520,625,410325,2081,1224,901,1308,1158,1202,1105,911,925,1693,1667,1998,1156,734,473,549,541,841,477,713,1234,870,312,360,651,886,530,1007,1271,865,780,673,21134,1259,16485,11705,1716,11455,2502,2683,2619,2162,5146,415,800,284,224,534,2363,1577,6197,8644,663,20861,20132017,19,19071,2085,0,16986
48279,Lamb County,TX,2021/1/19,1799,73,48279,13368,2631,35.6,43712,1550,602,545,318,191,304,145,108,351,168,100,92190,324,407,346,273,360,235,265,269,245,383,529,474,295,161,60,164,194,222,165,165,146,154,192,112,119,196,82,159,324,249,173,213,5671,210,4075,3777,444,2714,967,812,822,421,2225,66,150,69,286,194,586,286,1637,2686,198,5558,20132017,8,5067,499,0,4568
48281,Lampasas County,TX,2021/1/19,913,17,48281,20473,1844,41.8,54467,1313,830,1080,1004,351,1264,138,235,739,488,368,233495,679,194,308,471,369,249,370,483,398,737,810,1019,690,299,442,230,200,555,203,327,515,355,191,110,368,418,137,439,560,369,192,233,8612,689,6757,4813,983,3836,1124,1215,1298,731,1608,381,343,221,108,198,692,856,2799,2429,239,8748,20132017,20,7983,1292,0,6691
48285,Lavaca County,TX,2021/1/19,1862,62,48285,19859,2512,43.9,51708,1878,1237,825,935,323,612,218,233,522,462,637,238085,363,545,388,453,410,349,393,392,426,635,673,966,514,409,415,353,256,464,270,369,443,358,275,249,394,424,236,455,521,527,380,380,8843,263,6564,4678,644,5743,1113,1076,1025,631,2111,149,289,56,121,163,1475,417,2670,2030,285,8781,20132017,21,8266,951,0,7315
48287,Lee County,TX,2021/1/19,1182,34,48287,16850,1629,41.3,55741,1327,1153,757,889,191,465,189,212,507,841,243,187350,439,453,237,343,354,196,155,328,250,553,534,1009,501,278,264,224,279,396,143,219,418,310,142,124,203,444,165,266,426,247,227,227,7894,372,5303,3815,617,4250,1119,761,1065,505,1993,157,275,129,305,129,876,525,2396,2251,518,7812,20132017,0,7085,1082,0,6003
48289,Leon County,TX,2021/1/19,875,28,48289,16966,2776,44.7,44875,718,768,580,723,338,717,187,170,677,398,296,173050,313,353,443,454,341,529,319,379,225,400,509,782,520,256,259,163,170,358,266,370,508,257,159,321,312,362,372,394,455,375,219,283,6574,500,6500,3849,474,4645,902,892,840,443,2006,134,234,48,271,217,928,414,2246,2741,321,6432,20132017,0,5536,630,0,4906
48291,Liberty County,TX,2021/1/19,5116,111,48291,79884,3004,35.8,48344,2460,3152,2262,1732,432,3277,657,1136,4840,5083,1516,1012150,1828,1610,1667,1408,1640,1337,1133,1572,1055,2169,3036,2764,1973,1181,836,765,1117,1149,908,917,1293,752,576,251,968,1187,959,960,1415,772,754,663,28685,2413,30850,20354,1391,20780,4500,4739,4436,1918,11968,513,604,250,918,1423,4422,2187,10317,11781,606,28045,20132017,20,26740,1815,0,24925
48293,Limestone County,TX,2021/1/19,1420,34,48293,23480,2354,39.5,40356,1420,1260,1538,983,368,861,169,164,691,218,173,177195,723,572,466,553,625,554,522,425,368,636,880,629,518,230,305,94,320,361,216,510,431,382,244,152,446,436,297,403,535,364,293,348,8824,1009,8891,5403,645,5466,1181,1090,1230,740,3146,172,333,94,400,354,1017,652,3022,4671,315,8640,20132017,3,8121,945,0,7176
48295,Lipscomb County,TX,2021/1/19,248,10,48295,3495,2414,35,59583,195,105,239,205,47,132,32,21,62,64,53,31675,53,78,47,64,81,58,59,28,76,96,133,195,108,72,74,54,49,86,22,40,50,71,12,27,33,43,22,30,60,73,56,58,1653,91,916,955,112,769,218,191,189,48,422,56,49,17,33,18,175,74,422,361,41,1612,20132017,0,1510,135,0,1375
48297,Live Oak County,TX,2021/1/19,967,16,48297,12043,2683,42.3,51480,481,402,583,149,40,774,79,119,168,799,265,135515,104,314,218,335,172,157,153,144,122,323,452,338,314,160,152,128,145,232,236,156,304,194,108,158,137,262,221,108,327,188,116,272,4301,169,5371,2406,262,3032,495,658,642,215,1880,80,146,52,168,154,607,434,1641,1703,243,4290,20132017,0,3869,461,0,3408
48299,Llano County,TX,2021/1/19,805,30,48299,20195,2422,57.1,50524,1141,650,606,1140,469,716,138,83,426,400,245,164350,535,474,535,613,513,472,337,486,330,611,838,942,721,350,371,553,284,590,457,618,800,720,454,363,505,643,551,581,883,832,546,357,7660,689,9368,2928,1316,4281,718,662,556,362,2187,192,583,154,69,276,753,732,2759,2495,696,7425,20132017,0,6465,1111,0,5354
48301,Loving County,TX,2021/1/19,1,0,48301,74,1743,57.5,80938,11,7,0,3,0,0,0,0,5,6,0,,4,0,0,0,2,0,3,0,0,3,2,14,0,0,0,3,6,0,0,3,5,3,0,0,0,5,0,7,0,0,0,0,39,0,28,7,0,21,3,4,0,0,13,0,0,0,0,6,6,3,15,12,3,39,20132017,0,33,5,0,28
48303,Lubbock County,TX,2021/1/19,45600,648,48303,298042,2331,30.7,49078,21145,37219,36143,19720,3878,7454,1020,1271,3028,1976,2000,2413660,10076,5361,5781,6489,6231,5880,5840,4870,5470,9588,10307,12651,7908,4724,4254,4845,2595,4059,2131,3066,3802,2808,1939,1418,2957,4476,2822,3449,4335,3789,2833,2833,145154,7318,80999,71931,18975,45271,15771,15979,15501,36080,25357,1456,4871,3277,2040,2709,8938,6941,30232,53614,3626,143390,20132017,1261,134074,17673,0,116401
48305,Lynn County,TX,2021/1/19,571,18,48305,5785,2310,38.1,44922,353,218,259,251,179,384,23,22,176,44,10,43805,247,133,91,166,96,115,135,92,80,155,169,184,191,136,57,100,49,110,86,87,78,84,72,46,72,90,62,109,140,106,48,54,2419,214,1788,1532,123,1238,446,294,313,142,879,33,70,31,110,132,262,126,764,1032,64,2358,20132017,0,2226,435,0,1791
48313,Madison County,TX,2021/1/19,1162,21,48313,13979,1217,35.2,44004,742,560,671,272,106,223,28,109,370,157,191,94940,288,306,190,326,364,315,160,185,191,219,493,281,392,208,174,82,193,179,140,156,311,165,188,33,152,221,85,233,239,208,148,195,4249,138,7117,2777,341,3701,715,638,550,197,2102,42,245,67,135,187,580,241,1497,1516,138,4188,20132017,0,3720,526,0,3194
48315,Marion County,TX,2021/1/19,401,20,48315,10140,987,49.8,36938,353,304,332,364,200,480,112,99,689,317,61,107090,468,368,363,279,256,334,298,283,183,311,324,438,152,142,100,158,206,252,154,337,245,197,190,83,232,207,203,198,349,281,155,95,3635,434,4361,1898,300,2973,417,292,521,316,1370,64,192,36,64,207,644,362,1569,2225,192,3603,20132017,0,3300,284,0,3016
48317,Martin County,TX,2021/1/19,569,18,48317,5547,2370,31.7,71115,502,357,80,232,131,628,40,21,105,13,7,43535,71,51,54,81,40,73,104,66,56,119,143,245,168,68,138,158,75,53,27,98,83,30,61,49,40,58,28,81,74,50,46,46,2527,50,1424,1722,223,1053,348,435,312,131,725,58,23,44,70,95,239,153,682,382,84,2521,20132017,0,2332,274,0,2058
48319,Mason County,TX,2021/1/19,340,4,48319,4122,2414,48.9,40949,398,197,109,159,79,222,81,39,58,27,78,40345,144,97,69,92,129,70,180,149,27,106,117,196,82,67,74,23,32,59,72,150,165,47,72,8,46,146,98,138,122,125,31,40,2173,63,1254,857,198,1057,67,221,237,0,344,28,73,29,61,7,185,242,625,518,93,2089,20132017,0,1847,283,0,1564
48321,Matagorda County,TX,2021/1/19,2602,72,48321,36744,2885,37.2,44896,2808,2297,1731,1602,1247,1723,224,210,1043,525,464,329965,1577,1081,831,638,858,650,672,608,552,1104,1291,1503,990,748,355,353,561,738,336,462,821,475,370,251,553,886,435,517,610,563,365,561,16009,1093,11250,9548,980,7891,2080,2178,1873,977,5396,268,451,221,704,387,1649,1175,4855,7464,332,15572,20132017,144,14581,1735,0,12846
48323,Maverick County,TX,2021/1/19,8320,223,48323,57471,3315,29.6,37734,3863,4302,4413,1803,357,698,52,255,1297,1256,805,448095,1837,1588,1118,1326,756,940,1030,747,494,1376,1150,1812,962,510,527,243,538,589,386,586,665,683,357,107,518,763,317,761,911,704,609,340,21113,3114,17043,18409,999,6768,4249,3739,4079,2047,13132,339,370,279,1471,1092,922,1085,5558,13973,278,20680,20132017,41,19875,3947,0,15928
48307,McCulloch County,TX,2021/1/19,467,12,48307,8145,2769,43.5,42367,867,535,412,410,23,202,71,46,75,52,81,53750,228,265,288,127,156,203,207,137,124,259,329,385,176,114,69,76,240,134,106,111,296,94,139,60,121,217,147,117,228,156,134,148,3658,122,2716,1935,261,1862,483,334,453,70,1229,7,93,17,75,201,458,203,1054,1296,61,3450,20132017,2,3281,424,0,2857
48309,McLennan County,TX,2021/1/19,21894,344,48309,245720,2699,33.2,46262,14082,20953,26839,17208,5636,9770,1470,1104,2609,1883,1985,2075285,8220,5017,5586,5378,4788,5748,4228,4172,3883,6121,8286,10273,6444,3636,3358,3070,2792,3522,2331,2570,3581,2708,1669,1660,3102,3775,2569,3235,4136,3273,2653,3118,112592,6057,72637,61008,11954,41418,13068,13734,12817,23648,23695,2810,3434,2208,2059,2139,8408,5820,26878,45691,4002,110714,20132017,410,103065,11793,63,91272
48311,McMullen County,TX,2021/1/19,70,2,48311,600,2883,42,71389,38,2,11,4,8,7,4,3,2,15,7,,18,2,4,3,8,6,26,7,4,3,28,30,14,0,15,26,4,12,0,22,25,8,0,16,1,9,8,28,20,28,0,4,202,72,170,170,34,160,39,46,40,12,62,0,23,0,0,5,27,10,65,42,11,179,20132017,0,144,4,0,140
48325,Medina County,TX,2021/1/19,3253,62,48325,48548,3440,38.8,59305,2480,2037,1633,1420,1001,2774,779,810,3186,2007,683,624445,1039,945,613,646,720,818,576,603,596,1153,1460,1904,1538,1005,805,733,800,777,648,804,841,594,445,281,711,706,548,827,958,693,503,560,20958,1176,16301,11434,2228,10374,2397,2925,3227,2194,5605,592,930,505,523,637,2115,1337,6639,5850,617,20410,20132017,9,19198,2734,0,16464
48327,Menard County,TX,2021/1/19,180,5,48327,2123,2336,49.1,37917,270,48,15,57,10,116,36,60,0,82,105,,63,77,98,131,64,35,39,64,39,69,43,149,25,29,28,11,31,53,19,29,112,62,45,27,7,39,21,75,97,59,8,24,1014,55,693,380,88,592,137,131,50,24,343,20,28,29,55,6,129,69,336,201,37,993,20132017,0,937,252,0,685
48329,Midland County,TX,2021/1/19,13334,202,48329,159883,2331,31.8,75815,10038,17652,18087,12252,2646,7510,816,865,2169,1977,1342,1519695,1830,1515,1560,2264,1992,2561,1994,2049,2021,4021,5563,7141,5618,4414,4537,5965,1559,2612,1300,1278,1595,1268,835,839,1977,2142,1403,1640,1646,1674,1298,1610,80471,2941,35629,44653,7339,25416,10208,9714,8674,5852,16226,1188,3506,1192,1560,1554,4936,3381,17317,13714,1929,79698,20132017,143,75618,7832,0,67786
48331,Milam County,TX,2021/1/19,1577,19,48331,24479,2634,41.5,41768,1623,1244,670,741,247,987,241,350,1122,838,270,243330,496,935,822,538,538,663,455,562,374,838,858,982,584,359,273,160,289,654,273,442,605,518,218,189,354,547,319,468,585,489,270,416,9527,551,8891,6116,633,6211,1270,1489,1563,811,3044,360,325,168,201,383,1068,642,3147,3845,439,9389,20132017,27,8842,1253,0,7589
48333,Mills County,TX,2021/1/19,344,16,48333,4887,1937,47.3,46318,509,293,287,78,53,60,4,92,31,55,42,30925,154,92,206,76,111,107,80,71,72,142,264,224,62,58,47,67,104,110,53,141,100,108,149,80,40,118,75,113,145,138,120,122,2055,61,1751,1116,267,938,360,344,347,148,572,39,96,89,62,60,142,73,561,703,124,2003,20132017,0,1727,149,0,1578
48335,Mitchell County,TX,2021/1/19,535,21,48335,8774,2357,34.6,52194,591,483,284,190,48,297,72,15,201,174,24,53315,69,45,153,231,113,116,126,215,133,269,343,280,327,102,45,72,61,138,135,83,142,113,97,39,60,123,91,71,161,130,58,145,2801,193,4292,1676,160,2180,400,442,655,169,1465,64,95,54,104,113,340,223,993,496,94,2737,20132017,0,2613,466,0,2147
48337,Montague County,TX,2021/1/19,1713,46,48337,19406,2411,44,46592,1574,837,870,811,220,712,130,261,493,505,300,182120,571,498,465,582,426,613,425,314,408,673,769,887,548,394,198,273,299,298,274,326,559,397,227,229,349,413,309,369,593,462,306,237,7938,558,6971,4446,747,4935,1081,1058,962,378,2351,87,237,175,160,331,1126,458,2574,2948,315,7801,20132017,0,7279,801,0,6478
48339,Montgomery County,TX,2021/1/19,33006,326,48339,535187,2704,36.7,74323,14762,25264,31601,26986,11607,33171,7987,9278,29317,29005,9823,7579705,7589,5855,6208,7817,7173,7825,6597,7376,6203,13700,18049,23569,19014,12309,14852,22725,6463,7838,5009,7051,7930,4462,3139,2210,6358,9955,5008,7929,8991,5516,4262,4456,249640,12775,146410,142639,39677,83779,32145,33245,33440,21103,43176,4691,16387,9226,3884,4675,16017,14456,69336,54912,13394,245493,20132017,2932,223865,22388,0,201477
48341,Moore County,TX,2021/1/19,2116,57,48341,22016,2331,30.5,52469,3777,1253,1425,1076,180,786,55,174,567,212,235,176515,310,243,232,299,372,463,460,387,396,733,734,916,614,183,253,130,208,351,104,270,209,206,92,129,186,358,238,250,177,132,172,182,10591,456,4749,6976,365,3083,1664,1517,1494,749,4386,95,133,116,771,267,527,510,2419,3677,65,10514,20132017,7,10056,2170,0,7886
48343,Morris County,TX,2021/1/19,672,15,48343,12530,658,42.9,40227,586,506,634,822,276,668,61,108,388,292,82,112320,321,347,341,263,427,438,358,322,174,382,449,498,262,228,154,60,160,267,97,284,268,220,168,131,233,233,173,255,304,332,152,228,5044,553,4388,2884,529,3465,753,576,685,375,1044,44,93,118,65,104,602,490,1516,1945,197,4912,20132017,13,4578,302,0,4276
48345,Motley County,TX,2021/1/19,79,7,48345,1114,2561,37.6,40598,92,50,29,19,7,52,3,19,8,40,0,,32,32,40,26,51,30,18,35,22,22,55,45,19,16,9,17,4,11,22,21,42,29,23,17,9,9,35,19,31,50,16,16,513,45,318,268,24,243,80,52,70,45,76,9,15,0,4,12,19,36,95,136,31,507,20132017,4,452,32,0,420
48347,Nacogdoches County,TX,2021/1/19,3506,111,48347,65411,2453,30.6,41482,5665,5982,4373,2881,1148,2210,329,459,1047,698,833,546425,2955,1542,1745,1845,1111,1251,1150,1077,1068,1873,1969,2486,1667,825,433,828,554,1137,458,828,1096,663,444,308,701,926,535,833,1202,924,506,831,28199,2670,20657,15349,3649,10697,3480,3273,2948,9672,6431,329,917,594,667,713,2072,1590,6882,14894,776,27528,20132017,4,25340,3445,0,21895
48349,Navarro County,TX,2021/1/19,4798,71,48349,48239,2774,38.9,45103,2941,3065,3142,2089,727,1952,331,444,1169,1351,759,477685,1498,765,1301,1065,1082,1158,949,828,857,1476,1800,1789,1081,682,556,439,578,809,450,908,881,573,441,297,703,913,494,782,1153,764,537,642,20325,2116,14685,12695,1740,9267,2558,3134,2820,1733,7157,358,672,511,749,790,1824,1182,6086,8913,855,19745,20132017,77,18450,2504,0,15946
48351,Newton County,TX,2021/1/19,469,20,48351,14187,2416,43.5,40180,433,299,570,480,186,879,116,49,400,719,458,178340,432,299,425,372,221,364,270,187,171,534,351,565,249,178,109,54,323,336,232,226,340,228,160,83,175,332,189,349,288,334,204,72,4971,650,6121,2949,204,4737,495,755,1105,228,1227,128,64,5,63,176,1274,369,2079,2202,105,4889,20132017,24,4598,714,0,3884
48353,Nolan County,TX,2021/1/19,1399,38,48353,14990,2362,38.8,42019,1993,1482,510,335,75,436,35,145,200,115,111,94890,446,335,426,443,358,344,294,281,192,426,567,660,387,162,119,112,199,240,262,143,314,193,95,171,182,293,171,200,370,250,208,253,6316,483,4849,3773,349,3327,990,873,690,462,1909,153,185,38,105,198,641,548,1868,2445,94,6217,20132017,0,5806,854,0,4952
48355,Nueces County,TX,2021/1/19,31926,517,48355,358484,2165,35.1,53317,16997,33036,40297,27889,7740,15867,1807,2043,4959,2744,2208,3116305,9381,6862,6635,7937,6590,6411,5802,5948,5025,10073,13469,15752,11099,6483,6337,5053,3975,5911,3584,4088,5422,3396,2599,1996,4234,6440,3484,4738,6317,4986,3825,3416,165116,10442,101690,90120,17224,67676,20753,20317,19586,19402,41362,2816,5080,3383,3122,4946,13499,9973,42819,58409,3736,163105,20132017,2174,151917,16619,15,135298
48357,Ochiltree County,TX,2021/1/19,965,19,48357,10484,2378,31.7,50120,1508,794,290,207,155,248,7,44,162,202,231,83390,139,121,252,163,260,259,164,150,262,320,316,462,315,148,110,108,78,150,77,114,102,105,31,46,58,163,72,81,172,112,99,43,4679,386,2486,3314,282,1854,872,697,812,299,1511,98,162,37,276,177,267,221,1238,1351,51,4565,20132017,0,4343,871,0,3472
48359,Oldham County,TX,2021/1/19,167,2,48359,2083,3888,29.9,62426,109,47,79,34,31,122,23,20,46,29,6,13970,28,17,40,26,20,23,22,22,35,41,71,81,28,17,64,46,11,31,32,15,40,35,12,9,19,40,24,20,45,25,21,9,776,31,657,780,80,337,199,187,281,31,140,8,28,24,4,23,74,63,224,170,34,769,20132017,0,651,88,0,563
48361,Orange County,TX,2021/1/19,5946,81,48361,83909,922,37.7,53667,3847,4632,5164,5000,2344,5931,1051,1645,2363,699,835,845740,2223,1966,1173,1772,1410,2072,1640,1727,1237,2590,3440,3631,2803,1744,1777,1067,1096,1288,904,984,1486,1084,599,481,1010,1641,915,1316,1655,1328,891,923,36743,2349,26275,20820,2035,21599,4529,4403,4806,3118,6123,859,947,474,317,868,4901,2834,11200,11759,605,35958,20132017,24,34163,3011,0,31152
48363,Palo Pinto County,TX,2021/1/19,2298,50,48363,28109,2468,41,45067,1782,2309,1419,599,290,1264,186,299,767,641,436,257070,901,648,705,696,488,647,613,517,475,760,986,1050,877,411,368,299,463,513,298,534,618,433,367,179,404,581,412,542,605,585,359,328,11724,1001,9513,6634,931,6672,1800,1294,1504,621,3177,230,355,144,316,387,1372,940,3744,5048,519,11441,20132017,53,10263,918,0,9345
48365,Panola County,TX,2021/1/19,1228,49,48365,23574,2075,38.7,49704,1909,1271,1209,1150,272,1156,196,383,682,551,454,247460,762,416,587,531,527,314,542,422,448,808,933,962,762,362,304,352,315,404,202,396,501,341,265,151,398,538,246,389,570,526,274,211,9855,391,8206,5618,726,5179,1275,1585,1046,1018,2397,170,170,200,195,316,1225,691,2967,3510,165,9735,20132017,48,9266,581,0,8685
48367,Parker County,TX,2021/1/19,11314,115,48367,125963,2341,39.6,70608,4609,5573,5368,6785,3654,8512,2337,3015,6535,4590,2266,1736485,2041,1399,1422,1573,1608,1806,2005,2083,1565,2831,4967,5801,4687,3281,3204,3669,1552,2092,1315,1965,2437,1627,794,717,2002,2409,1172,1822,2932,1846,916,1131,58626,3417,36433,31132,6727,23397,6991,7577,6808,4957,8943,1390,3486,1553,634,1084,4909,4695,17751,11339,2960,57752,20132017,51,53281,5458,0,47823
48369,Parmer County,TX,2021/1/19,1113,32,48369,9871,2284,34.1,50410,932,888,663,398,178,302,42,15,128,23,37,59910,174,140,153,224,234,211,155,183,117,344,356,314,303,161,90,63,208,60,59,145,191,61,91,53,129,135,54,150,154,111,114,111,4411,126,2795,2872,230,2054,749,553,672,283,1741,76,148,63,212,159,394,130,1182,1676,125,4352,20132017,23,3912,576,14,3336
48371,Pecos County,TX,2021/1/19,1313,26,48371,15804,12339,36.2,50543,1784,1239,525,78,38,376,28,27,203,475,258,111810,444,257,192,162,272,233,209,302,119,307,519,614,390,222,123,55,194,250,93,151,301,231,58,147,150,181,106,183,251,200,90,168,6103,233,6104,3820,329,3888,1037,683,908,510,3234,79,127,57,313,387,841,538,2342,1580,185,6009,20132017,29,5620,860,0,4760
48373,Polk County,TX,2021/1/19,2492,70,48373,46974,2738,43.4,43267,2164,2882,2623,2094,490,1840,154,210,1052,1412,1437,496095,1499,1171,1170,1181,1340,864,1008,843,792,1512,1752,1651,1138,713,466,532,906,1106,680,779,1485,622,569,230,711,1206,834,796,1224,720,423,455,17988,1664,18753,9690,1025,12485,2182,2200,2158,953,7348,444,589,67,639,1043,2974,1579,7335,8120,706,17736,20132017,143,15967,2193,0,13774
48375,Potter County,TX,2021/1/19,15947,302,48375,121230,2354,33.6,41852,6663,10819,13607,8333,1838,3450,402,470,953,1396,570,909765,3725,3090,2910,2882,2691,2825,2664,2303,2064,3729,4333,3996,2492,1332,1278,1139,1349,1696,974,1250,1528,1035,502,850,1144,1571,948,1536,1672,1581,1122,1092,52859,2337,35815,33501,3482,23244,8136,6680,6511,5414,17923,854,1293,705,1735,1832,5078,3288,14785,24720,1176,52218,20132017,441,49104,7698,33,41406
48377,Presidio County,TX,2021/1/19,615,19,48377,7191,9987,41.4,26486,746,328,108,139,39,60,22,14,35,175,101,,359,431,211,240,90,182,183,124,81,84,211,105,212,69,0,7,63,130,130,66,211,214,30,65,51,169,131,166,167,207,104,82,2426,264,2670,2022,306,822,348,659,615,77,2145,0,82,33,290,22,228,118,773,1893,155,2382,20132017,28,1730,445,0,1285
48379,Rains County,TX,2021/1/19,632,20,48379,11246,671,47.6,48308,393,505,429,479,104,507,114,108,403,558,428,151315,323,203,271,354,314,222,113,223,199,373,427,697,230,78,225,81,135,209,190,299,345,279,163,17,189,200,157,266,361,359,123,83,4601,279,4205,2364,283,3308,564,468,516,271,1463,76,79,61,108,107,789,359,1579,1462,159,4492,20132017,0,4157,531,0,3626
48381,Randall County,TX,2021/1/19,15104,208,48381,130552,2367,35.6,65564,8763,14702,16340,9579,2426,5355,842,829,1976,1314,1042,1252695,2301,1370,1811,1955,1894,2495,2280,2398,1815,4068,5364,7099,5274,3484,3226,2284,1452,2286,1048,1652,2187,1253,1044,815,1707,2214,1352,1953,2301,1967,1465,1092,68640,2654,30880,31634,8631,19032,7304,6805,7133,9623,7127,1733,3102,1554,351,767,3941,3806,15254,12247,2013,67539,20132017,199,63728,6554,0,57174
48383,Reagan County,TX,2021/1/19,358,7,48383,3735,3043,33,59760,678,166,26,26,24,136,48,0,41,90,68,,61,42,23,103,80,13,45,49,23,149,77,165,178,80,36,47,13,93,35,45,36,64,0,30,29,60,42,41,28,24,24,44,1752,71,981,1069,80,757,303,211,257,36,696,4,32,13,115,90,106,81,441,667,42,1711,20132017,0,1625,250,0,1375
48385,Real County,TX,2021/1/19,263,12,48385,3358,1813,54.3,36493,429,155,163,88,9,89,0,34,30,23,29,,145,73,62,110,67,83,79,55,40,73,113,120,56,9,26,12,45,47,66,50,144,74,188,32,79,62,48,45,130,53,186,129,1281,83,1473,670,139,617,63,107,240,31,489,0,51,41,25,29,54,122,322,657,143,1250,20132017,0,956,174,0,782
48387,Red River County,TX,2021/1/19,549,31,48387,12353,2719,45.6,35356,605,325,378,431,278,971,137,245,470,202,197,138540,518,474,465,322,391,403,332,354,150,398,402,426,247,186,71,79,172,297,116,265,419,309,106,87,114,227,155,385,341,230,175,286,4770,470,5011,2466,290,3475,408,647,667,267,1482,102,221,72,78,193,686,234,1586,1995,199,4708,20132017,1,4291,384,0,3907
48389,Reeves County,TX,2021/1/19,1522,33,48389,14791,6827,35.4,49390,1821,1046,422,344,0,249,3,26,172,231,168,81695,393,228,230,175,227,121,101,198,213,234,502,542,302,70,123,72,112,167,151,96,183,195,107,156,108,199,144,154,214,165,143,188,5140,448,6266,3338,250,2705,671,871,799,436,3687,132,91,55,427,391,438,463,1997,1617,146,5023,20132017,0,4715,448,0,4267
48391,Refugio County,TX,2021/1/19,536,17,48391,7293,1994,42.3,50338,558,350,237,141,114,225,64,108,330,202,37,63955,189,241,129,201,88,150,101,173,65,299,312,289,219,97,84,57,146,107,62,191,141,141,97,58,78,118,94,179,203,158,59,153,2961,254,2534,1726,158,1686,365,420,378,222,996,75,56,24,58,92,466,165,936,1181,60,2881,20132017,0,2747,359,0,2388
48393,Roberts County,TX,2021/1/19,49,1,48393,889,2393,37.8,79167,38,19,24,40,47,44,6,23,15,11,16,8210,5,1,6,10,11,11,10,12,15,22,41,84,45,3,43,7,10,25,16,20,15,18,11,10,22,14,20,8,24,28,11,3,409,10,257,264,34,175,69,66,60,12,43,8,21,0,0,1,29,42,101,29,25,394,20132017,0,360,54,0,306
48395,Robertson County,TX,2021/1/19,1069,25,48395,16727,2214,41.4,52189,1045,679,750,588,405,1259,157,326,603,283,122,164895,507,430,332,270,410,267,357,244,191,647,636,874,566,281,201,85,332,201,162,317,378,229,127,172,293,401,211,318,375,260,184,295,7180,603,5335,4045,526,4056,981,958,866,638,1997,192,216,147,162,235,903,517,2372,2505,242,6988,20132017,0,6487,881,0,5606
48397,Rockwall County,TX,2021/1/19,8222,78,48397,90414,386,37.2,93269,3102,3639,3603,3876,1491,6237,1882,2339,7011,5626,932,1361565,632,678,675,938,695,917,950,1015,1017,1995,2687,4212,3975,2825,3637,3517,829,1231,750,1081,1289,957,284,363,1014,1304,1062,973,1403,1146,452,816,44335,2306,21443,25061,7947,11851,5922,6070,6218,4067,4817,963,2995,1663,488,495,2553,2597,11754,5222,2575,43371,20132017,119,39533,4152,70,35381
48399,Runnels County,TX,2021/1/19,1085,28,48399,10266,2730,41.1,41226,749,643,246,696,114,412,95,160,283,80,113,87550,318,200,299,248,236,316,198,229,124,261,351,366,286,135,130,84,124,286,156,146,241,184,101,114,164,148,120,170,274,241,135,212,4184,139,3798,2431,275,2515,622,582,582,182,1504,50,210,62,181,149,429,249,1330,1624,117,4123,20132017,0,3872,452,0,3420
48401,Rusk County,TX,2021/1/19,3065,65,48401,53026,2393,38.5,49270,2972,3063,2387,2654,1050,2878,429,367,1425,731,579,472625,1150,1113,1115,1107,1098,741,1160,928,678,1584,1738,2265,1363,694,731,517,755,871,445,723,1117,685,501,358,619,810,644,727,1071,881,596,664,20340,1219,20417,12309,1748,11165,2910,2631,2534,1441,7380,471,614,329,580,849,2729,1723,7295,7576,654,20069,20132017,0,19103,1702,0,17401
48403,Sabine County,TX,2021/1/19,452,28,48403,10429,1269,52.1,33561,855,589,337,276,139,189,37,0,78,248,108,67610,415,187,306,416,300,392,173,200,148,170,395,389,100,54,63,103,172,254,81,339,530,360,147,102,203,182,177,357,350,254,140,282,3379,259,5175,1871,410,3434,405,410,521,236,1128,48,144,85,70,99,611,308,1365,2057,131,3178,20132017,8,2914,153,0,2761
48405,San Augustine County,TX,2021/1/19,496,26,48405,8403,1368,48.9,32394,410,286,175,237,108,373,117,38,267,113,76,63305,515,179,309,258,227,179,153,111,123,246,290,264,121,73,108,46,155,196,61,228,285,159,130,83,73,226,127,255,243,215,99,172,2493,385,4009,1701,213,2412,258,430,469,135,1226,30,94,2,117,211,518,274,1246,1982,73,2440,20132017,0,2317,271,0,2046
48407,San Jacinto County,TX,2021/1/19,634,21,48407,27436,1479,44.2,43421,929,615,535,1300,474,1126,346,363,1130,1510,1170,399315,728,793,442,899,707,407,378,437,288,876,1056,895,589,495,204,220,541,591,408,412,845,503,439,88,498,514,283,638,793,662,256,255,10221,708,10801,6085,497,9267,1202,1746,1345,745,3271,113,167,56,233,492,1981,745,3787,4679,261,9938,20132017,0,9279,1317,0,7962
48409,San Patricio County,TX,2021/1/19,3450,111,48409,66867,1792,35.1,53332,4605,3564,4119,3379,1453,4545,802,702,1923,1012,526,653595,1675,1009,1256,1260,1190,1041,1265,1075,1145,2125,2320,2842,2079,995,1316,653,632,1040,572,1055,1070,818,477,336,736,875,912,757,1250,820,756,611,28869,1482,20215,18276,1903,13741,4319,3920,4326,1865,9240,544,827,323,636,888,2722,1930,7870,10061,908,28545,20132017,39,26790,2717,0,24073
48411,San Saba County,TX,2021/1/19,487,15,48411,5851,2937,40.9,40301,374,193,395,147,60,217,80,19,103,157,124,59400,209,189,204,135,161,62,101,75,97,111,298,183,155,22,103,30,42,121,109,52,185,126,77,31,104,122,85,98,199,123,139,60,2475,81,2249,1203,177,1240,233,307,495,133,1100,38,94,29,116,45,252,127,701,897,99,2404,20132017,0,2206,540,0,1666
48413,Schleicher County,TX,2021/1/19,189,6,48413,3122,3395,35.2,63432,355,128,18,55,25,116,6,0,181,75,128,,98,56,58,28,70,52,31,46,19,59,164,185,103,37,47,49,37,78,47,44,57,47,22,16,0,93,40,41,73,68,33,15,1475,99,766,880,93,415,200,242,170,53,505,20,75,0,93,28,66,45,327,320,66,1462,20132017,10,1371,222,0,1149
48415,Scurry County,TX,2021/1/19,2270,46,48415,17346,2339,35.6,54565,1576,1615,1121,593,78,276,42,68,265,193,132,110400,215,352,275,209,269,526,182,366,317,460,649,821,495,230,292,180,160,316,122,311,197,254,106,126,178,247,122,341,261,243,264,192,6772,327,6301,4360,601,3595,936,1046,1170,812,2455,103,187,71,259,433,554,626,2233,1988,108,6739,20132017,0,6403,864,22,5539
48417,Shackelford County,TX,2021/1/19,187,1,48417,3348,2367,42,46685,232,137,148,116,13,107,90,95,78,38,49,,144,76,60,65,39,47,87,95,39,123,133,141,75,57,46,30,12,36,40,66,55,56,51,12,43,84,25,64,76,50,57,54,1508,113,998,808,163,563,144,153,306,135,332,18,59,30,40,67,79,141,434,586,7,1495,20132017,0,1403,172,0,1231
48419,Shelby County,TX,2021/1/19,1278,45,48419,25689,2056,37.4,38121,1296,1273,1387,1077,280,1048,87,186,588,663,529,239175,1098,599,685,710,490,660,627,401,517,774,811,672,486,194,201,293,233,491,277,378,457,469,266,82,381,445,240,396,622,468,229,344,9432,755,9463,6808,747,5579,1584,1546,1762,608,4012,107,205,192,239,587,1133,602,3065,5852,260,9348,20132017,43,8801,1644,0,7157
48421,Sherman County,TX,2021/1/19,118,11,48421,3067,2391,39.8,54961,455,176,121,85,44,187,60,7,82,92,41,31285,41,54,66,34,74,58,59,49,49,108,111,122,87,70,43,38,51,77,40,49,32,32,31,7,35,38,25,56,38,53,38,28,1604,24,824,704,105,521,139,131,214,94,557,0,79,30,102,51,84,109,455,448,38,1595,20132017,7,1458,234,0,1224
48423,Smith County,TX,2021/1/19,15406,309,48423,222277,2404,36.6,50742,9673,14196,16419,16829,5743,14299,1759,1809,4684,2744,2581,2220060,5084,3944,4601,4485,4560,4040,4107,4110,3424,6119,7804,9031,6359,3397,3446,3290,2539,3610,1912,3134,3974,2823,2049,1344,2972,3663,2341,3025,5043,3955,2449,2605,98488,6803,67935,55175,11297,35519,12235,12320,12066,14250,21902,2328,4355,2220,2275,2185,6074,6161,25598,35438,3332,96657,20132017,198,90075,9215,0,80860
48425,Somervell County,TX,2021/1/19,883,8,48425,8650,484,40.6,52346,398,683,501,283,130,533,104,60,236,219,183,98540,118,234,319,244,85,149,152,73,182,401,94,462,239,118,169,195,124,147,194,144,159,77,59,117,109,176,223,91,150,94,147,123,3671,105,3144,2027,375,1806,436,523,485,253,892,84,130,70,23,88,328,400,1123,1805,48,3535,20132017,12,3390,601,0,2789
48427,Starr County,TX,2021/1/19,7460,214,48427,63420,3168,28.8,27133,4252,3789,2836,2164,580,1593,70,284,705,692,975,447130,2463,1982,1844,1266,1111,927,717,881,490,949,1097,1102,608,391,326,166,450,699,531,437,801,676,361,279,567,897,491,581,1103,1046,304,413,21423,3772,19576,21097,921,8311,4575,4480,4765,2472,17896,179,210,201,2036,1289,1127,556,5598,21968,1067,20431,20132017,82,18213,4123,0,14090
48429,Stephens County,TX,2021/1/19,629,19,48429,9365,2318,39.2,45862,1028,784,345,286,77,314,0,104,106,109,116,69520,344,200,187,180,231,153,149,191,227,306,282,373,242,87,112,97,170,138,109,132,234,116,67,122,144,194,116,249,158,134,173,169,3730,182,3630,2081,371,2106,486,447,482,183,1464,82,136,58,146,132,424,191,1169,1870,84,3657,20132017,0,3389,372,0,3017
48431,Sterling County,TX,2021/1/19,97,4,48431,1139,2391,42.4,50000,187,29,21,5,12,20,0,3,33,15,28,,12,37,11,40,36,9,20,38,28,28,84,35,58,12,4,10,12,11,12,19,17,2,0,7,8,4,2,17,34,23,27,22,515,14,329,329,64,351,69,61,54,0,110,7,8,0,26,15,113,39,208,185,59,509,20132017,0,397,3,0,394
48433,Stonewall County,TX,2021/1/19,134,4,48433,1084,2380,51.9,46786,107,3,63,17,10,25,10,7,22,18,16,,32,57,46,26,28,8,18,4,19,35,28,63,32,19,26,17,5,33,6,35,41,4,51,21,22,26,13,31,26,18,21,16,442,11,383,258,28,341,67,89,50,18,128,5,7,3,0,16,85,46,162,143,7,433,20132017,0,418,54,0,364
48435,Sutton County,TX,2021/1/19,406,6,48435,3894,3766,40.2,60996,640,185,86,126,7,122,29,52,21,39,89,,74,48,105,74,52,66,59,53,96,134,200,172,195,97,82,66,73,69,122,82,47,56,34,28,25,82,40,58,77,40,55,16,1827,114,1112,990,68,785,176,199,280,98,614,7,71,13,99,57,145,154,546,251,79,1818,20132017,0,1706,174,0,1532
48437,Swisher County,TX,2021/1/19,682,14,48437,7541,2331,35.6,37883,766,290,310,229,64,135,37,16,144,224,22,47725,321,155,284,144,175,156,160,115,173,132,254,317,80,59,31,46,62,203,92,112,150,107,74,68,69,153,103,93,155,155,101,120,2704,170,3004,1930,146,1733,419,389,509,254,1155,35,73,38,58,153,303,208,868,1525,115,2542,20132017,6,2308,190,0,2118
48439,Tarrant County,TX,2021/1/19,195518,1798,48439,1983675,2238,34.2,62532,63897,108563,140477,138742,65986,153582,33421,41622,85601,53218,16009,24836995,36274,26158,27471,30165,30212,34346,30215,29679,27741,58278,72802,91054,65644,40224,43024,46634,20325,26706,15468,20517,22476,14655,9864,7456,22961,28899,17532,22549,27962,20143,14069,15398,974947,55237,477942,534079,128378,301127,123418,117956,116524,109249,184105,17364,49954,25437,19246,16786,56103,53110,238000,264575,41118,959562,20132017,2963,889328,97841,284,791487
48441,Taylor County,TX,2021/1/19,13275,263,48441,135371,2372,32.2,49161,11218,16711,15540,6779,1862,3393,264,454,687,1026,1320,1058870,3501,2633,3008,2491,2939,2869,2981,2597,1957,4357,5122,5590,4090,2047,1614,1647,1113,1892,1033,1461,2132,1426,1118,882,2023,1975,1246,1645,2601,1848,1767,1712,62872,2917,36074,33424,6517,24485,7394,6924,6547,11059,10447,1145,2105,1318,1051,786,4542,3058,14005,20783,3142,65665,20132017,418,60050,6778,0,53272
48443,Terrell County,TX,2021/1/19,73,1,48443,721,6107,47.3,26063,86,14,0,2,0,0,0,32,0,17,27,,71,17,42,33,28,20,8,26,0,14,16,24,35,7,0,2,17,11,11,20,23,12,16,26,22,7,19,8,15,56,3,16,260,19,303,150,43,160,49,27,22,10,107,4,0,7,0,0,18,18,47,123,26,260,20132017,0,230,12,0,218
48445,Terry County,TX,2021/1/19,1475,46,48445,12755,2305,34.6,42441,946,655,413,227,39,560,116,190,355,146,80,87735,240,121,241,363,217,359,365,237,188,283,496,454,179,179,130,90,187,190,76,131,261,184,62,82,105,247,225,101,257,146,242,139,4556,474,4611,3476,349,2503,851,761,674,478,2528,88,95,36,260,261,476,359,1575,1590,120,4494,20132017,0,4228,733,0,3495
48447,Throckmorton County,TX,2021/1/19,56,3,48447,1541,2362,48.2,37279,150,19,61,31,19,64,21,25,14,31,18,13310,87,74,38,46,45,35,39,37,4,63,70,51,61,34,10,18,14,47,17,20,74,23,31,19,18,33,18,26,56,53,39,30,661,36,586,319,45,338,44,72,120,27,201,14,44,5,15,40,69,43,230,259,41,641,20132017,1,593,50,0,543
48449,Titus County,TX,2021/1/19,3137,60,48449,32664,1064,34,46980,3055,2832,2505,1893,378,1288,173,159,266,501,255,261490,586,646,537,922,591,626,688,492,555,902,1253,1208,612,465,317,275,377,506,312,372,461,367,223,207,471,372,297,434,617,415,346,321,14307,935,8921,9519,938,5956,2273,2071,2139,1190,5149,202,402,251,685,358,1123,739,3760,6193,240,14175,20132017,57,13452,1624,0,11828
48451,Tom Green County,TX,2021/1/19,11547,204,48451,116906,3942,34,49662,9991,14480,12985,5638,1422,2510,241,522,835,1490,1285,955515,2692,2019,2394,2414,2758,2587,2538,2315,1958,3291,4642,5346,3062,1758,1621,1686,1218,2021,1133,1499,1787,1096,1119,935,1350,1859,914,1936,2130,1991,1201,1338,53414,2114,33633,27634,5528,21625,6212,6172,5682,6948,11731,992,1823,857,1095,1392,3673,2904,12736,14339,2036,55818,20132017,82,50114,5790,0,44324
48453,Travis County,TX,2021/1/19,61468,626,48453,1176584,2561,33.6,68350,42243,76256,100133,96471,43202,92788,16804,23411,45247,25600,9056,14729170,25551,14555,14478,18600,17741,18001,18630,19298,17051,33112,46729,55946,44657,26836,32274,44102,11276,15562,8910,10290,12011,7340,4352,3861,12403,17387,8895,11000,14566,8962,6676,7481,645807,30087,258705,267205,136996,135671,61145,58749,51042,82232,89336,7925,36917,25916,9110,6725,23358,25291,135242,159948,53160,635422,20132017,19131,534828,61516,407,473312
48455,Trinity County,TX,2021/1/19,503,12,48455,14481,1795,48.5,37398,526,597,428,417,141,739,235,240,390,358,356,151455,584,469,567,425,416,388,329,352,380,426,530,428,240,132,234,34,233,301,235,298,535,382,254,102,277,461,262,264,557,465,252,180,4946,562,6390,2944,365,4027,804,728,584,321,1747,176,82,37,117,249,705,483,1849,2643,237,4795,20132017,26,4401,522,0,3879
48457,Tyler County,TX,2021/1/19,999,19,48457,21456,2391,43,44396,635,547,944,350,330,694,82,232,595,756,688,219625,671,556,412,461,325,422,412,433,284,463,753,941,446,306,283,144,413,335,247,334,613,340,221,264,336,350,360,552,522,513,267,293,6746,709,10325,4075,348,6293,816,911,923,405,2319,96,163,29,64,310,1130,1042,2834,2947,325,6479,20132017,3,5883,489,0,5394
48459,Upshur County,TX,2021/1/19,2595,42,48459,40506,1523,40.7,48796,1580,1371,1880,1818,1403,2467,678,646,1651,732,540,434640,1078,751,756,815,915,504,847,772,748,902,1610,1694,1178,724,380,387,603,661,468,549,884,613,442,243,550,857,465,680,860,782,472,508,16720,1515,13719,9709,1382,9286,2629,2106,2237,1385,4535,365,423,278,296,555,1972,1615,5504,5513,650,16261,20132017,26,15255,1677,0,13578
48461,Upton County,TX,2021/1/19,286,7,48461,3575,3217,33.7,52750,294,24,36,90,11,138,23,19,64,143,54,,136,52,76,53,93,55,44,66,39,110,152,176,109,42,36,69,55,27,29,41,62,32,37,20,16,56,66,19,42,37,62,35,1398,16,1182,1077,102,835,234,225,243,138,485,27,26,0,78,54,172,77,434,630,37,1390,20132017,5,1313,116,0,1197
48463,Uvalde County,TX,2021/1/19,2733,48,48463,27015,4033,33.8,40781,2170,3336,1623,454,360,788,27,193,439,487,298,203775,744,809,576,551,580,586,386,431,398,700,805,999,492,236,164,167,245,578,305,281,571,182,465,175,343,449,304,295,725,406,436,286,11605,726,8207,7466,698,4082,1877,1104,1563,1489,4807,188,284,92,443,371,762,665,2805,4735,333,11346,20132017,0,10727,1154,0,9573
48465,Val Verde County,TX,2021/1/19,6331,158,48465,48976,8213,31.7,44609,3599,5616,4698,1600,400,647,137,40,362,332,616,361710,1636,890,823,972,936,783,875,746,756,985,1231,1865,1301,514,441,435,424,644,378,668,730,591,374,349,606,799,539,778,677,711,439,576,18667,1323,15081,14194,1521,7489,3203,3037,2817,1799,9558,258,578,258,995,752,1232,682,4755,9849,695,19738,20132017,71,17707,2532,0,15175
48467,Van Zandt County,TX,2021/1/19,3154,77,48467,53607,2199,43.3,50061,2419,2347,2252,1983,780,2095,325,745,2104,2998,1617,708595,1155,1055,1120,1436,1000,1178,742,1020,953,1727,1866,2408,1555,831,797,511,780,883,909,796,1217,1159,616,271,947,1239,785,1115,1321,968,793,727,22384,1407,19059,12479,1740,12674,3003,2705,3086,1597,5981,557,714,204,439,850,2410,2004,7178,7489,1405,22025,20132017,12,20223,2502,0,17721
48469,Victoria County,TX,2021/1/19,6672,134,48469,91518,2287,35.7,55740,7214,9592,8150,4586,1459,3004,552,687,2260,1227,774,812140,1894,1435,1775,1679,1472,1614,1688,1631,1532,2767,2990,4096,3221,1850,1706,1384,861,1582,920,1258,1456,858,883,658,1258,1791,969,1227,1984,1209,899,1376,43077,2299,25219,23611,3760,18356,5484,4994,5212,3566,10071,941,1419,647,623,1256,3351,2516,10753,13328,1744,42452,20132017,373,39645,5135,0,34510
48471,Walker County,TX,2021/1/19,7008,93,48471,70818,2041,35.2,41456,2039,2805,3493,4829,1519,2497,819,544,2011,1455,412,591050,3149,1314,1087,1248,1117,1199,1092,1343,768,1420,2120,2425,1401,615,541,455,1094,1004,760,670,1181,721,444,282,566,859,597,862,1007,674,480,795,24044,836,36360,10892,2770,17216,2006,2439,2632,11076,7560,596,1062,598,903,1199,4656,2136,11150,12653,900,23825,20132017,30,21579,2041,0,19538
48473,Waller County,TX,2021/1/19,2659,27,48473,48443,1331,28.8,53506,2565,1957,2207,2285,737,2419,429,911,2487,2569,679,611775,851,783,929,732,458,1040,664,744,752,1043,1459,1780,1236,708,679,840,468,711,499,462,747,380,313,182,581,583,414,607,805,326,269,515,21837,1836,14466,11734,1544,8069,2733,2454,2434,7546,5658,361,763,301,635,572,1559,1202,5393,7853,941,21309,20132017,185,19066,2297,0,16769
48475,Ward County,TX,2021/1/19,953,13,48475,11498,2165,33.6,63333,1145,1062,465,243,34,387,67,42,187,264,263,99020,313,243,173,182,121,131,188,118,72,348,452,804,286,178,188,157,136,98,69,200,171,157,72,59,133,168,116,147,185,204,112,122,4823,312,3550,3207,306,2613,689,829,693,227,1542,82,100,54,132,152,480,282,1282,1313,195,4748,20132017,0,4341,434,0,3907
48477,Washington County,TX,2021/1/19,1668,69,48477,34667,1577,42,55793,2704,3102,2419,1615,478,974,163,378,593,831,413,306975,781,476,607,822,568,610,788,454,493,912,1568,1656,830,645,420,575,462,517,430,583,819,505,364,405,541,738,510,491,952,473,547,966,14897,979,12329,7463,1678,6893,1327,1890,1532,2505,3586,478,523,307,204,518,1630,937,4597,4298,523,14787,20132017,18,13973,1290,0,12683
48479,Webb County,TX,2021/1/19,34690,513,48479,269624,8695,28.4,40442,8903,17616,23275,17067,5294,11799,1125,2065,4506,2447,1824,2132550,9580,5354,4785,4294,4095,4538,3222,3403,3184,5565,5895,6886,4752,2783,2103,1940,1855,2824,1864,1966,2439,1587,1233,960,2413,3564,1913,2421,3297,2269,1646,2064,102713,6156,79025,91379,7589,39615,20431,20950,19636,15208,49124,1331,2780,1371,4813,3737,6602,3664,24298,83702,2690,100860,20132017,1111,94132,12031,0,82101
48481,Wharton County,TX,2021/1/19,2988,84,48481,41430,2823,37.3,50145,4102,2920,2660,1403,571,1302,246,503,1206,1312,523,411720,1091,1083,839,1056,894,538,632,970,477,1516,1578,1587,1265,521,752,425,403,662,565,518,648,370,395,422,645,767,346,513,1015,693,577,541,18767,1044,11955,10817,1463,8726,2450,2584,2627,1220,5662,470,472,170,603,486,1772,1240,5213,7122,503,18422,20132017,69,17706,2161,0,15545
48483,Wheeler County,TX,2021/1/19,431,9,48483,5599,2367,39.4,50910,631,320,314,155,34,173,27,20,126,105,96,45530,100,131,139,154,83,108,112,177,102,284,191,320,156,74,111,45,33,110,76,98,126,97,41,50,42,83,81,77,128,71,86,87,2551,150,1582,1456,119,1146,392,296,210,164,786,64,58,26,32,155,240,150,725,1056,47,2520,20132017,0,2370,179,0,2191
48485,Wichita County,TX,2021/1/19,13325,260,48485,131778,1627,34.2,45776,12246,15706,14623,6297,1551,2357,247,140,856,850,683,896200,4572,3196,2506,3262,2681,2637,2533,2523,2259,4429,4854,5446,3361,1569,1545,1155,1627,1773,1024,1497,2006,1297,1200,759,1541,2206,1257,1620,2457,1869,1545,1843,55552,2788,40401,29803,5870,26679,6930,6277,6161,8191,11619,1112,2312,1371,923,1433,4834,3586,15571,22027,2408,60513,20132017,390,51818,5221,42,46597
48487,Wilbarger County,TX,2021/1/19,1707,41,48487,12972,2515,37.2,43913,2454,1339,675,158,6,244,16,95,125,91,51,71335,296,521,372,294,291,323,196,348,99,506,726,539,297,156,127,64,147,241,116,120,378,139,164,69,165,190,107,140,338,242,183,161,6329,388,3610,2977,322,2674,693,629,757,583,1821,117,203,56,114,293,522,376,1681,2091,51,6237,20132017,0,5998,1278,0,4720
48489,Willacy County,TX,2021/1/19,1970,69,48489,21839,1546,33.4,29104,1144,1201,805,534,424,919,207,61,389,220,126,141455,1076,635,496,373,358,299,231,233,205,337,422,459,294,147,131,41,207,301,112,238,399,251,132,140,255,336,113,213,512,339,223,186,6415,1087,9463,5382,300,4990,1135,1381,1524,763,4699,51,150,51,448,386,845,319,2250,7157,181,6399,20132017,0,5872,337,0,5535
48491,Williamson County,TX,2021/1/19,29796,269,48491,508313,2911,35.8,79123,18126,25533,33427,34742,15989,33620,8976,11699,25705,14721,4378,6466105,4808,3622,4081,5123,5390,6748,6053,6992,6119,13050,18415,25988,20828,14126,15215,13493,4509,6933,3842,5189,7129,4295,2607,2033,5908,7147,4516,6424,8432,5018,3605,3839,254840,12800,118935,135912,44333,68056,31434,32311,30612,24240,23385,5295,15599,8972,1947,2323,11350,13631,59117,35067,19326,251299,20132017,1325,224663,22794,11,201869
48493,Wilson County,TX,2021/1/19,2790,41,48493,47205,2090,40.4,71942,1656,1565,1809,1513,926,2227,827,1570,4181,1688,765,668045,606,584,744,630,637,752,586,601,360,1079,1632,2517,1679,1347,1082,919,684,1030,640,669,794,609,294,309,657,889,679,592,790,512,326,649,21002,1330,14557,11660,1963,11156,2446,3178,2854,1798,4794,446,728,361,282,763,2745,1487,6812,4705,1325,20711,20132017,0,18950,2228,0,16722
48495,Winkler County,TX,2021/1/19,639,15,48495,7777,2178,32.6,55000,1178,239,194,44,25,248,69,29,175,362,41,59280,265,135,165,54,197,112,99,104,107,85,242,389,233,119,120,98,122,71,72,62,81,66,51,61,72,66,62,86,103,86,51,92,3267,140,2394,2341,109,1311,522,383,550,125,1394,57,44,10,146,153,323,196,929,1378,79,3160,20132017,0,3012,414,0,2598
48497,Wise County,TX,2021/1/19,5384,84,48497,63247,2344,38.5,59081,2520,2781,3595,2909,1253,2704,668,931,3327,2499,1429,825175,1261,684,841,1205,883,1172,986,1275,750,1948,2338,2798,2259,1382,1048,861,760,1022,544,1156,1167,798,294,412,918,1084,671,972,1365,803,565,481,27736,1758,19594,15880,1859,14640,3544,3706,3826,1767,6359,568,1425,422,529,758,3101,2038,8841,8042,1552,27230,20132017,39,25123,2743,0,22380
48499,Wood County,TX,2021/1/19,2553,85,48499,43315,1683,48.1,48038,2060,1814,1661,1611,632,1180,328,415,1939,1383,809,445655,1154,962,926,861,1054,960,765,817,828,1586,1669,1910,929,698,535,468,646,885,619,1008,1477,1119,564,631,677,932,736,1076,1702,1120,861,718,15960,1343,18531,8457,1309,10974,1986,2308,1848,1677,4575,418,513,285,304,379,2258,1484,5641,5580,873,15607,20132017,9,14135,1560,0,12575
48501,Yoakum County,TX,2021/1/19,801,24,48501,8481,2072,31.7,62500,1312,389,470,166,23,175,29,2,127,88,188,,109,216,75,106,173,25,157,71,104,262,404,266,229,257,119,79,138,52,43,110,123,76,57,25,99,73,59,59,168,168,51,5,3755,306,1873,2797,219,1364,734,651,366,184,1452,34,47,70,249,98,330,123,951,1043,50,3711,20132017,0,3517,622,0,2895
48503,Young County,TX,2021/1/19,1685,32,48503,18166,2388,41.5,46351,2326,1843,980,459,110,492,220,0,207,208,82,116620,436,346,454,402,434,461,362,518,288,609,638,767,533,467,231,120,261,277,228,277,350,268,215,211,303,334,319,376,305,369,289,376,8248,391,5620,4422,764,4222,960,1151,1139,494,2128,42,334,234,165,231,970,457,2433,2939,494,8111,20132017,0,7456,726,0,6730
48505,Zapata County,TX,2021/1/19,1338,20,48505,14415,2582,29.4,34550,1469,1262,399,344,25,188,0,61,119,201,234,,763,273,426,191,353,243,236,227,177,268,241,549,170,195,70,75,164,107,67,177,263,181,106,41,177,134,119,205,197,275,117,84,5146,731,4110,4883,268,2013,1356,855,863,275,3583,27,19,0,316,242,553,115,1272,4873,97,4866,20132017,0,4526,1159,0,3367
48507,Zavala County,TX,2021/1/19,1208,28,48507,12152,3364,30.8,25988,1771,575,401,460,92,142,0,32,135,188,6,56910,561,543,296,334,156,225,230,147,96,194,297,247,43,121,11,35,106,267,166,145,71,144,60,109,101,164,87,207,226,216,107,76,4397,495,4091,3643,142,2074,790,895,676,543,2761,60,140,39,148,402,347,91,1227,4318,238,4383,20132017,0,3853,326,0,3527
